sku_id,node_name,week,max_supply,source
Apparel_Offshore,Garment_BD,2028-W01,3500,Garment weekly capacity
Apparel_Offshore,Dyeing_BD,2028-W01,50000,"Dyeing tier, effectively unconstrained"
Apparel_Offshore,Trim_VN,2028-W01,50000,"Trim tier, effectively unconstrained"
Apparel_Offshore,Fabric_CN,2028-W01,50000,"Fabric supply, effectively unconstrained"
Apparel_Offshore,FG_WH_BD,2028-W01,6000,FG warehouse throughput
Apparel_Offshore,DC_US_Offshore,2028-W01,5000,US DC throughput
Apparel_Offshore,DC_JP_Offshore,2028-W01,3000,JP DC throughput
Apparel_Vertical,Garment_PT,2028-W01,2000,Garment weekly capacity
Apparel_Vertical,Dyeing_PT,2028-W01,50000,"Dyeing tier, effectively unconstrained"
Apparel_Vertical,Trim_MA,2028-W01,50000,"Trim tier, effectively unconstrained"
Apparel_Vertical,Fabric_ES,2028-W01,50000,"Fabric supply, effectively unconstrained"
Apparel_Vertical,FG_WH_PT,2028-W01,4000,FG warehouse throughput
Apparel_Vertical,DC_US_Vertical,2028-W01,4000,US DC throughput
Apparel_Vertical,DC_JP_Vertical,2028-W01,2500,JP DC throughput
Apparel_Offshore,Garment_BD,2028-W02,3500,Garment weekly capacity
Apparel_Offshore,Dyeing_BD,2028-W02,50000,"Dyeing tier, effectively unconstrained"
Apparel_Offshore,Trim_VN,2028-W02,50000,"Trim tier, effectively unconstrained"
Apparel_Offshore,Fabric_CN,2028-W02,50000,"Fabric supply, effectively unconstrained"
Apparel_Offshore,FG_WH_BD,2028-W02,6000,FG warehouse throughput
Apparel_Offshore,DC_US_Offshore,2028-W02,5000,US DC throughput
Apparel_Offshore,DC_JP_Offshore,2028-W02,3000,JP DC throughput
Apparel_Vertical,Garment_PT,2028-W02,2000,Garment weekly capacity
Apparel_Vertical,Dyeing_PT,2028-W02,50000,"Dyeing tier, effectively unconstrained"
Apparel_Vertical,Trim_MA,2028-W02,50000,"Trim tier, effectively unconstrained"
Apparel_Vertical,Fabric_ES,2028-W02,50000,"Fabric supply, effectively unconstrained"
Apparel_Vertical,FG_WH_PT,2028-W02,4000,FG warehouse throughput
Apparel_Vertical,DC_US_Vertical,2028-W02,4000,US DC throughput
Apparel_Vertical,DC_JP_Vertical,2028-W02,2500,JP DC throughput
Apparel_Offshore,Garment_BD,2028-W03,3500,Garment weekly capacity
Apparel_Offshore,Dyeing_BD,2028-W03,50000,"Dyeing tier, effectively unconstrained"
Apparel_Offshore,Trim_VN,2028-W03,50000,"Trim tier, effectively unconstrained"
Apparel_Offshore,Fabric_CN,2028-W03,50000,"Fabric supply, effectively unconstrained"
Apparel_Offshore,FG_WH_BD,2028-W03,6000,FG warehouse throughput
Apparel_Offshore,DC_US_Offshore,2028-W03,5000,US DC throughput
Apparel_Offshore,DC_JP_Offshore,2028-W03,3000,JP DC throughput
Apparel_Vertical,Garment_PT,2028-W03,2000,Garment weekly capacity
Apparel_Vertical,Dyeing_PT,2028-W03,50000,"Dyeing tier, effectively unconstrained"
Apparel_Vertical,Trim_MA,2028-W03,50000,"Trim tier, effectively unconstrained"
Apparel_Vertical,Fabric_ES,2028-W03,50000,"Fabric supply, effectively unconstrained"
Apparel_Vertical,FG_WH_PT,2028-W03,4000,FG warehouse throughput
Apparel_Vertical,DC_US_Vertical,2028-W03,4000,US DC throughput
Apparel_Vertical,DC_JP_Vertical,2028-W03,2500,JP DC throughput
Apparel_Offshore,Garment_BD,2028-W04,3500,Garment weekly capacity
Apparel_Offshore,Dyeing_BD,2028-W04,50000,"Dyeing tier, effectively unconstrained"
Apparel_Offshore,Trim_VN,2028-W04,50000,"Trim tier, effectively unconstrained"
Apparel_Offshore,Fabric_CN,2028-W04,50000,"Fabric supply, effectively unconstrained"
Apparel_Offshore,FG_WH_BD,2028-W04,6000,FG warehouse throughput
Apparel_Offshore,DC_US_Offshore,2028-W04,5000,US DC throughput
Apparel_Offshore,DC_JP_Offshore,2028-W04,3000,JP DC throughput
Apparel_Vertical,Garment_PT,2028-W04,2000,Garment weekly capacity
Apparel_Vertical,Dyeing_PT,2028-W04,50000,"Dyeing tier, effectively unconstrained"
Apparel_Vertical,Trim_MA,2028-W04,50000,"Trim tier, effectively unconstrained"
Apparel_Vertical,Fabric_ES,2028-W04,50000,"Fabric supply, effectively unconstrained"
Apparel_Vertical,FG_WH_PT,2028-W04,4000,FG warehouse throughput
Apparel_Vertical,DC_US_Vertical,2028-W04,4000,US DC throughput
Apparel_Vertical,DC_JP_Vertical,2028-W04,2500,JP DC throughput
Apparel_Offshore,Garment_BD,2028-W05,3500,Garment weekly capacity
Apparel_Offshore,Dyeing_BD,2028-W05,50000,"Dyeing tier, effectively unconstrained"
Apparel_Offshore,Trim_VN,2028-W05,50000,"Trim tier, effectively unconstrained"
Apparel_Offshore,Fabric_CN,2028-W05,50000,"Fabric supply, effectively unconstrained"
Apparel_Offshore,FG_WH_BD,2028-W05,6000,FG warehouse throughput
Apparel_Offshore,DC_US_Offshore,2028-W05,5000,US DC throughput
Apparel_Offshore,DC_JP_Offshore,2028-W05,3000,JP DC throughput
Apparel_Vertical,Garment_PT,2028-W05,2000,Garment weekly capacity
Apparel_Vertical,Dyeing_PT,2028-W05,50000,"Dyeing tier, effectively unconstrained"
Apparel_Vertical,Trim_MA,2028-W05,50000,"Trim tier, effectively unconstrained"
Apparel_Vertical,Fabric_ES,2028-W05,50000,"Fabric supply, effectively unconstrained"
Apparel_Vertical,FG_WH_PT,2028-W05,4000,FG warehouse throughput
Apparel_Vertical,DC_US_Vertical,2028-W05,4000,US DC throughput
Apparel_Vertical,DC_JP_Vertical,2028-W05,2500,JP DC throughput
Apparel_Offshore,Garment_BD,2028-W06,3500,Garment weekly capacity
Apparel_Offshore,Dyeing_BD,2028-W06,50000,"Dyeing tier, effectively unconstrained"
Apparel_Offshore,Trim_VN,2028-W06,50000,"Trim tier, effectively unconstrained"
Apparel_Offshore,Fabric_CN,2028-W06,50000,"Fabric supply, effectively unconstrained"
Apparel_Offshore,FG_WH_BD,2028-W06,6000,FG warehouse throughput
Apparel_Offshore,DC_US_Offshore,2028-W06,5000,US DC throughput
Apparel_Offshore,DC_JP_Offshore,2028-W06,3000,JP DC throughput
Apparel_Vertical,Garment_PT,2028-W06,2000,Garment weekly capacity
Apparel_Vertical,Dyeing_PT,2028-W06,50000,"Dyeing tier, effectively unconstrained"
Apparel_Vertical,Trim_MA,2028-W06,50000,"Trim tier, effectively unconstrained"
Apparel_Vertical,Fabric_ES,2028-W06,50000,"Fabric supply, effectively unconstrained"
Apparel_Vertical,FG_WH_PT,2028-W06,4000,FG warehouse throughput
Apparel_Vertical,DC_US_Vertical,2028-W06,4000,US DC throughput
Apparel_Vertical,DC_JP_Vertical,2028-W06,2500,JP DC throughput
Apparel_Offshore,Garment_BD,2028-W07,3500,Garment weekly capacity
Apparel_Offshore,Dyeing_BD,2028-W07,50000,"Dyeing tier, effectively unconstrained"
Apparel_Offshore,Trim_VN,2028-W07,50000,"Trim tier, effectively unconstrained"
Apparel_Offshore,Fabric_CN,2028-W07,50000,"Fabric supply, effectively unconstrained"
Apparel_Offshore,FG_WH_BD,2028-W07,6000,FG warehouse throughput
Apparel_Offshore,DC_US_Offshore,2028-W07,5000,US DC throughput
Apparel_Offshore,DC_JP_Offshore,2028-W07,3000,JP DC throughput
Apparel_Vertical,Garment_PT,2028-W07,2000,Garment weekly capacity
Apparel_Vertical,Dyeing_PT,2028-W07,50000,"Dyeing tier, effectively unconstrained"
Apparel_Vertical,Trim_MA,2028-W07,50000,"Trim tier, effectively unconstrained"
Apparel_Vertical,Fabric_ES,2028-W07,50000,"Fabric supply, effectively unconstrained"
Apparel_Vertical,FG_WH_PT,2028-W07,4000,FG warehouse throughput
Apparel_Vertical,DC_US_Vertical,2028-W07,4000,US DC throughput
Apparel_Vertical,DC_JP_Vertical,2028-W07,2500,JP DC throughput
Apparel_Offshore,Garment_BD,2028-W08,3500,Garment weekly capacity
Apparel_Offshore,Dyeing_BD,2028-W08,50000,"Dyeing tier, effectively unconstrained"
Apparel_Offshore,Trim_VN,2028-W08,50000,"Trim tier, effectively unconstrained"
Apparel_Offshore,Fabric_CN,2028-W08,50000,"Fabric supply, effectively unconstrained"
Apparel_Offshore,FG_WH_BD,2028-W08,6000,FG warehouse throughput
Apparel_Offshore,DC_US_Offshore,2028-W08,5000,US DC throughput
Apparel_Offshore,DC_JP_Offshore,2028-W08,3000,JP DC throughput
Apparel_Vertical,Garment_PT,2028-W08,2000,Garment weekly capacity
Apparel_Vertical,Dyeing_PT,2028-W08,50000,"Dyeing tier, effectively unconstrained"
Apparel_Vertical,Trim_MA,2028-W08,50000,"Trim tier, effectively unconstrained"
Apparel_Vertical,Fabric_ES,2028-W08,50000,"Fabric supply, effectively unconstrained"
Apparel_Vertical,FG_WH_PT,2028-W08,4000,FG warehouse throughput
Apparel_Vertical,DC_US_Vertical,2028-W08,4000,US DC throughput
Apparel_Vertical,DC_JP_Vertical,2028-W08,2500,JP DC throughput
Apparel_Offshore,Garment_BD,2028-W09,3500,Garment weekly capacity
Apparel_Offshore,Dyeing_BD,2028-W09,50000,"Dyeing tier, effectively unconstrained"
Apparel_Offshore,Trim_VN,2028-W09,50000,"Trim tier, effectively unconstrained"
Apparel_Offshore,Fabric_CN,2028-W09,50000,"Fabric supply, effectively unconstrained"
Apparel_Offshore,FG_WH_BD,2028-W09,6000,FG warehouse throughput
Apparel_Offshore,DC_US_Offshore,2028-W09,5000,US DC throughput
Apparel_Offshore,DC_JP_Offshore,2028-W09,3000,JP DC throughput
Apparel_Vertical,Garment_PT,2028-W09,2000,Garment weekly capacity
Apparel_Vertical,Dyeing_PT,2028-W09,50000,"Dyeing tier, effectively unconstrained"
Apparel_Vertical,Trim_MA,2028-W09,50000,"Trim tier, effectively unconstrained"
Apparel_Vertical,Fabric_ES,2028-W09,50000,"Fabric supply, effectively unconstrained"
Apparel_Vertical,FG_WH_PT,2028-W09,4000,FG warehouse throughput
Apparel_Vertical,DC_US_Vertical,2028-W09,4000,US DC throughput
Apparel_Vertical,DC_JP_Vertical,2028-W09,2500,JP DC throughput
Apparel_Offshore,Garment_BD,2028-W10,3500,Garment weekly capacity
Apparel_Offshore,Dyeing_BD,2028-W10,50000,"Dyeing tier, effectively unconstrained"
Apparel_Offshore,Trim_VN,2028-W10,50000,"Trim tier, effectively unconstrained"
Apparel_Offshore,Fabric_CN,2028-W10,50000,"Fabric supply, effectively unconstrained"
Apparel_Offshore,FG_WH_BD,2028-W10,6000,FG warehouse throughput
Apparel_Offshore,DC_US_Offshore,2028-W10,5000,US DC throughput
Apparel_Offshore,DC_JP_Offshore,2028-W10,3000,JP DC throughput
Apparel_Vertical,Garment_PT,2028-W10,2000,Garment weekly capacity
Apparel_Vertical,Dyeing_PT,2028-W10,50000,"Dyeing tier, effectively unconstrained"
Apparel_Vertical,Trim_MA,2028-W10,50000,"Trim tier, effectively unconstrained"
Apparel_Vertical,Fabric_ES,2028-W10,50000,"Fabric supply, effectively unconstrained"
Apparel_Vertical,FG_WH_PT,2028-W10,4000,FG warehouse throughput
Apparel_Vertical,DC_US_Vertical,2028-W10,4000,US DC throughput
Apparel_Vertical,DC_JP_Vertical,2028-W10,2500,JP DC throughput
Apparel_Offshore,Garment_BD,2028-W11,3500,Garment weekly capacity
Apparel_Offshore,Dyeing_BD,2028-W11,50000,"Dyeing tier, effectively unconstrained"
Apparel_Offshore,Trim_VN,2028-W11,50000,"Trim tier, effectively unconstrained"
Apparel_Offshore,Fabric_CN,2028-W11,50000,"Fabric supply, effectively unconstrained"
Apparel_Offshore,FG_WH_BD,2028-W11,6000,FG warehouse throughput
Apparel_Offshore,DC_US_Offshore,2028-W11,5000,US DC throughput
Apparel_Offshore,DC_JP_Offshore,2028-W11,3000,JP DC throughput
Apparel_Vertical,Garment_PT,2028-W11,2000,Garment weekly capacity
Apparel_Vertical,Dyeing_PT,2028-W11,50000,"Dyeing tier, effectively unconstrained"
Apparel_Vertical,Trim_MA,2028-W11,50000,"Trim tier, effectively unconstrained"
Apparel_Vertical,Fabric_ES,2028-W11,50000,"Fabric supply, effectively unconstrained"
Apparel_Vertical,FG_WH_PT,2028-W11,4000,FG warehouse throughput
Apparel_Vertical,DC_US_Vertical,2028-W11,4000,US DC throughput
Apparel_Vertical,DC_JP_Vertical,2028-W11,2500,JP DC throughput
Apparel_Offshore,Garment_BD,2028-W12,3500,Garment weekly capacity
Apparel_Offshore,Dyeing_BD,2028-W12,50000,"Dyeing tier, effectively unconstrained"
Apparel_Offshore,Trim_VN,2028-W12,50000,"Trim tier, effectively unconstrained"
Apparel_Offshore,Fabric_CN,2028-W12,50000,"Fabric supply, effectively unconstrained"
Apparel_Offshore,FG_WH_BD,2028-W12,6000,FG warehouse throughput
Apparel_Offshore,DC_US_Offshore,2028-W12,5000,US DC throughput
Apparel_Offshore,DC_JP_Offshore,2028-W12,3000,JP DC throughput
Apparel_Vertical,Garment_PT,2028-W12,2000,Garment weekly capacity
Apparel_Vertical,Dyeing_PT,2028-W12,50000,"Dyeing tier, effectively unconstrained"
Apparel_Vertical,Trim_MA,2028-W12,50000,"Trim tier, effectively unconstrained"
Apparel_Vertical,Fabric_ES,2028-W12,50000,"Fabric supply, effectively unconstrained"
Apparel_Vertical,FG_WH_PT,2028-W12,4000,FG warehouse throughput
Apparel_Vertical,DC_US_Vertical,2028-W12,4000,US DC throughput
Apparel_Vertical,DC_JP_Vertical,2028-W12,2500,JP DC throughput
Apparel_Offshore,Garment_BD,2028-W13,3500,Garment weekly capacity
Apparel_Offshore,Dyeing_BD,2028-W13,50000,"Dyeing tier, effectively unconstrained"
Apparel_Offshore,Trim_VN,2028-W13,50000,"Trim tier, effectively unconstrained"
Apparel_Offshore,Fabric_CN,2028-W13,50000,"Fabric supply, effectively unconstrained"
Apparel_Offshore,FG_WH_BD,2028-W13,6000,FG warehouse throughput
Apparel_Offshore,DC_US_Offshore,2028-W13,5000,US DC throughput
Apparel_Offshore,DC_JP_Offshore,2028-W13,3000,JP DC throughput
Apparel_Vertical,Garment_PT,2028-W13,2000,Garment weekly capacity
Apparel_Vertical,Dyeing_PT,2028-W13,50000,"Dyeing tier, effectively unconstrained"
Apparel_Vertical,Trim_MA,2028-W13,50000,"Trim tier, effectively unconstrained"
Apparel_Vertical,Fabric_ES,2028-W13,50000,"Fabric supply, effectively unconstrained"
Apparel_Vertical,FG_WH_PT,2028-W13,4000,FG warehouse throughput
Apparel_Vertical,DC_US_Vertical,2028-W13,4000,US DC throughput
Apparel_Vertical,DC_JP_Vertical,2028-W13,2500,JP DC throughput
Apparel_Offshore,Garment_BD,2028-W14,3500,Garment weekly capacity
Apparel_Offshore,Dyeing_BD,2028-W14,50000,"Dyeing tier, effectively unconstrained"
Apparel_Offshore,Trim_VN,2028-W14,50000,"Trim tier, effectively unconstrained"
Apparel_Offshore,Fabric_CN,2028-W14,50000,"Fabric supply, effectively unconstrained"
Apparel_Offshore,FG_WH_BD,2028-W14,6000,FG warehouse throughput
Apparel_Offshore,DC_US_Offshore,2028-W14,5000,US DC throughput
Apparel_Offshore,DC_JP_Offshore,2028-W14,3000,JP DC throughput
Apparel_Vertical,Garment_PT,2028-W14,2000,Garment weekly capacity
Apparel_Vertical,Dyeing_PT,2028-W14,50000,"Dyeing tier, effectively unconstrained"
Apparel_Vertical,Trim_MA,2028-W14,50000,"Trim tier, effectively unconstrained"
Apparel_Vertical,Fabric_ES,2028-W14,50000,"Fabric supply, effectively unconstrained"
Apparel_Vertical,FG_WH_PT,2028-W14,4000,FG warehouse throughput
Apparel_Vertical,DC_US_Vertical,2028-W14,4000,US DC throughput
Apparel_Vertical,DC_JP_Vertical,2028-W14,2500,JP DC throughput
Apparel_Offshore,Garment_BD,2028-W15,3500,Garment weekly capacity
Apparel_Offshore,Dyeing_BD,2028-W15,50000,"Dyeing tier, effectively unconstrained"
Apparel_Offshore,Trim_VN,2028-W15,50000,"Trim tier, effectively unconstrained"
Apparel_Offshore,Fabric_CN,2028-W15,50000,"Fabric supply, effectively unconstrained"
Apparel_Offshore,FG_WH_BD,2028-W15,6000,FG warehouse throughput
Apparel_Offshore,DC_US_Offshore,2028-W15,5000,US DC throughput
Apparel_Offshore,DC_JP_Offshore,2028-W15,3000,JP DC throughput
Apparel_Vertical,Garment_PT,2028-W15,2000,Garment weekly capacity
Apparel_Vertical,Dyeing_PT,2028-W15,50000,"Dyeing tier, effectively unconstrained"
Apparel_Vertical,Trim_MA,2028-W15,50000,"Trim tier, effectively unconstrained"
Apparel_Vertical,Fabric_ES,2028-W15,50000,"Fabric supply, effectively unconstrained"
Apparel_Vertical,FG_WH_PT,2028-W15,4000,FG warehouse throughput
Apparel_Vertical,DC_US_Vertical,2028-W15,4000,US DC throughput
Apparel_Vertical,DC_JP_Vertical,2028-W15,2500,JP DC throughput
Apparel_Offshore,Garment_BD,2028-W16,3500,Garment weekly capacity
Apparel_Offshore,Dyeing_BD,2028-W16,50000,"Dyeing tier, effectively unconstrained"
Apparel_Offshore,Trim_VN,2028-W16,50000,"Trim tier, effectively unconstrained"
Apparel_Offshore,Fabric_CN,2028-W16,50000,"Fabric supply, effectively unconstrained"
Apparel_Offshore,FG_WH_BD,2028-W16,6000,FG warehouse throughput
Apparel_Offshore,DC_US_Offshore,2028-W16,5000,US DC throughput
Apparel_Offshore,DC_JP_Offshore,2028-W16,3000,JP DC throughput
Apparel_Vertical,Garment_PT,2028-W16,2000,Garment weekly capacity
Apparel_Vertical,Dyeing_PT,2028-W16,50000,"Dyeing tier, effectively unconstrained"
Apparel_Vertical,Trim_MA,2028-W16,50000,"Trim tier, effectively unconstrained"
Apparel_Vertical,Fabric_ES,2028-W16,50000,"Fabric supply, effectively unconstrained"
Apparel_Vertical,FG_WH_PT,2028-W16,4000,FG warehouse throughput
Apparel_Vertical,DC_US_Vertical,2028-W16,4000,US DC throughput
Apparel_Vertical,DC_JP_Vertical,2028-W16,2500,JP DC throughput
Apparel_Offshore,Garment_BD,2028-W17,3500,Garment weekly capacity
Apparel_Offshore,Dyeing_BD,2028-W17,50000,"Dyeing tier, effectively unconstrained"
Apparel_Offshore,Trim_VN,2028-W17,50000,"Trim tier, effectively unconstrained"
Apparel_Offshore,Fabric_CN,2028-W17,50000,"Fabric supply, effectively unconstrained"
Apparel_Offshore,FG_WH_BD,2028-W17,6000,FG warehouse throughput
Apparel_Offshore,DC_US_Offshore,2028-W17,5000,US DC throughput
Apparel_Offshore,DC_JP_Offshore,2028-W17,3000,JP DC throughput
Apparel_Vertical,Garment_PT,2028-W17,2000,Garment weekly capacity
Apparel_Vertical,Dyeing_PT,2028-W17,50000,"Dyeing tier, effectively unconstrained"
Apparel_Vertical,Trim_MA,2028-W17,50000,"Trim tier, effectively unconstrained"
Apparel_Vertical,Fabric_ES,2028-W17,50000,"Fabric supply, effectively unconstrained"
Apparel_Vertical,FG_WH_PT,2028-W17,4000,FG warehouse throughput
Apparel_Vertical,DC_US_Vertical,2028-W17,4000,US DC throughput
Apparel_Vertical,DC_JP_Vertical,2028-W17,2500,JP DC throughput
Apparel_Offshore,Garment_BD,2028-W18,3500,Garment weekly capacity
Apparel_Offshore,Dyeing_BD,2028-W18,50000,"Dyeing tier, effectively unconstrained"
Apparel_Offshore,Trim_VN,2028-W18,50000,"Trim tier, effectively unconstrained"
Apparel_Offshore,Fabric_CN,2028-W18,50000,"Fabric supply, effectively unconstrained"
Apparel_Offshore,FG_WH_BD,2028-W18,6000,FG warehouse throughput
Apparel_Offshore,DC_US_Offshore,2028-W18,5000,US DC throughput
Apparel_Offshore,DC_JP_Offshore,2028-W18,3000,JP DC throughput
Apparel_Vertical,Garment_PT,2028-W18,2000,Garment weekly capacity
Apparel_Vertical,Dyeing_PT,2028-W18,50000,"Dyeing tier, effectively unconstrained"
Apparel_Vertical,Trim_MA,2028-W18,50000,"Trim tier, effectively unconstrained"
Apparel_Vertical,Fabric_ES,2028-W18,50000,"Fabric supply, effectively unconstrained"
Apparel_Vertical,FG_WH_PT,2028-W18,4000,FG warehouse throughput
Apparel_Vertical,DC_US_Vertical,2028-W18,4000,US DC throughput
Apparel_Vertical,DC_JP_Vertical,2028-W18,2500,JP DC throughput
Apparel_Offshore,Garment_BD,2028-W19,3500,Garment weekly capacity
Apparel_Offshore,Dyeing_BD,2028-W19,50000,"Dyeing tier, effectively unconstrained"
Apparel_Offshore,Trim_VN,2028-W19,50000,"Trim tier, effectively unconstrained"
Apparel_Offshore,Fabric_CN,2028-W19,50000,"Fabric supply, effectively unconstrained"
Apparel_Offshore,FG_WH_BD,2028-W19,6000,FG warehouse throughput
Apparel_Offshore,DC_US_Offshore,2028-W19,5000,US DC throughput
Apparel_Offshore,DC_JP_Offshore,2028-W19,3000,JP DC throughput
Apparel_Vertical,Garment_PT,2028-W19,2000,Garment weekly capacity
Apparel_Vertical,Dyeing_PT,2028-W19,50000,"Dyeing tier, effectively unconstrained"
Apparel_Vertical,Trim_MA,2028-W19,50000,"Trim tier, effectively unconstrained"
Apparel_Vertical,Fabric_ES,2028-W19,50000,"Fabric supply, effectively unconstrained"
Apparel_Vertical,FG_WH_PT,2028-W19,4000,FG warehouse throughput
Apparel_Vertical,DC_US_Vertical,2028-W19,4000,US DC throughput
Apparel_Vertical,DC_JP_Vertical,2028-W19,2500,JP DC throughput
Apparel_Offshore,Garment_BD,2028-W20,3500,Garment weekly capacity
Apparel_Offshore,Dyeing_BD,2028-W20,50000,"Dyeing tier, effectively unconstrained"
Apparel_Offshore,Trim_VN,2028-W20,50000,"Trim tier, effectively unconstrained"
Apparel_Offshore,Fabric_CN,2028-W20,50000,"Fabric supply, effectively unconstrained"
Apparel_Offshore,FG_WH_BD,2028-W20,6000,FG warehouse throughput
Apparel_Offshore,DC_US_Offshore,2028-W20,5000,US DC throughput
Apparel_Offshore,DC_JP_Offshore,2028-W20,3000,JP DC throughput
Apparel_Vertical,Garment_PT,2028-W20,2000,Garment weekly capacity
Apparel_Vertical,Dyeing_PT,2028-W20,50000,"Dyeing tier, effectively unconstrained"
Apparel_Vertical,Trim_MA,2028-W20,50000,"Trim tier, effectively unconstrained"
Apparel_Vertical,Fabric_ES,2028-W20,50000,"Fabric supply, effectively unconstrained"
Apparel_Vertical,FG_WH_PT,2028-W20,4000,FG warehouse throughput
Apparel_Vertical,DC_US_Vertical,2028-W20,4000,US DC throughput
Apparel_Vertical,DC_JP_Vertical,2028-W20,2500,JP DC throughput
Apparel_Offshore,Garment_BD,2028-W21,3500,Garment weekly capacity
Apparel_Offshore,Dyeing_BD,2028-W21,50000,"Dyeing tier, effectively unconstrained"
Apparel_Offshore,Trim_VN,2028-W21,50000,"Trim tier, effectively unconstrained"
Apparel_Offshore,Fabric_CN,2028-W21,50000,"Fabric supply, effectively unconstrained"
Apparel_Offshore,FG_WH_BD,2028-W21,6000,FG warehouse throughput
Apparel_Offshore,DC_US_Offshore,2028-W21,5000,US DC throughput
Apparel_Offshore,DC_JP_Offshore,2028-W21,3000,JP DC throughput
Apparel_Vertical,Garment_PT,2028-W21,2000,Garment weekly capacity
Apparel_Vertical,Dyeing_PT,2028-W21,50000,"Dyeing tier, effectively unconstrained"
Apparel_Vertical,Trim_MA,2028-W21,50000,"Trim tier, effectively unconstrained"
Apparel_Vertical,Fabric_ES,2028-W21,50000,"Fabric supply, effectively unconstrained"
Apparel_Vertical,FG_WH_PT,2028-W21,4000,FG warehouse throughput
Apparel_Vertical,DC_US_Vertical,2028-W21,4000,US DC throughput
Apparel_Vertical,DC_JP_Vertical,2028-W21,2500,JP DC throughput
Apparel_Offshore,Garment_BD,2028-W22,700.0,Bangladesh Garment Sector Labor Shortage (seasonal) reduced capacity (20% of normal)
Apparel_Offshore,Dyeing_BD,2028-W22,50000,"Dyeing tier, effectively unconstrained"
Apparel_Offshore,Trim_VN,2028-W22,50000,"Trim tier, effectively unconstrained"
Apparel_Offshore,Fabric_CN,2028-W22,50000,"Fabric supply, effectively unconstrained"
Apparel_Offshore,FG_WH_BD,2028-W22,6000,FG warehouse throughput
Apparel_Offshore,DC_US_Offshore,2028-W22,5000,US DC throughput
Apparel_Offshore,DC_JP_Offshore,2028-W22,3000,JP DC throughput
Apparel_Vertical,Garment_PT,2028-W22,2000,Garment weekly capacity
Apparel_Vertical,Dyeing_PT,2028-W22,50000,"Dyeing tier, effectively unconstrained"
Apparel_Vertical,Trim_MA,2028-W22,50000,"Trim tier, effectively unconstrained"
Apparel_Vertical,Fabric_ES,2028-W22,50000,"Fabric supply, effectively unconstrained"
Apparel_Vertical,FG_WH_PT,2028-W22,4000,FG warehouse throughput
Apparel_Vertical,DC_US_Vertical,2028-W22,4000,US DC throughput
Apparel_Vertical,DC_JP_Vertical,2028-W22,2500,JP DC throughput
Apparel_Offshore,Garment_BD,2028-W23,700.0,Bangladesh Garment Sector Labor Shortage (seasonal) reduced capacity (20% of normal)
Apparel_Offshore,Dyeing_BD,2028-W23,50000,"Dyeing tier, effectively unconstrained"
Apparel_Offshore,Trim_VN,2028-W23,50000,"Trim tier, effectively unconstrained"
Apparel_Offshore,Fabric_CN,2028-W23,50000,"Fabric supply, effectively unconstrained"
Apparel_Offshore,FG_WH_BD,2028-W23,6000,FG warehouse throughput
Apparel_Offshore,DC_US_Offshore,2028-W23,5000,US DC throughput
Apparel_Offshore,DC_JP_Offshore,2028-W23,3000,JP DC throughput
Apparel_Vertical,Garment_PT,2028-W23,2000,Garment weekly capacity
Apparel_Vertical,Dyeing_PT,2028-W23,50000,"Dyeing tier, effectively unconstrained"
Apparel_Vertical,Trim_MA,2028-W23,50000,"Trim tier, effectively unconstrained"
Apparel_Vertical,Fabric_ES,2028-W23,50000,"Fabric supply, effectively unconstrained"
Apparel_Vertical,FG_WH_PT,2028-W23,4000,FG warehouse throughput
Apparel_Vertical,DC_US_Vertical,2028-W23,4000,US DC throughput
Apparel_Vertical,DC_JP_Vertical,2028-W23,2500,JP DC throughput
Apparel_Offshore,Garment_BD,2028-W24,3500,Garment weekly capacity
Apparel_Offshore,Dyeing_BD,2028-W24,50000,"Dyeing tier, effectively unconstrained"
Apparel_Offshore,Trim_VN,2028-W24,50000,"Trim tier, effectively unconstrained"
Apparel_Offshore,Fabric_CN,2028-W24,50000,"Fabric supply, effectively unconstrained"
Apparel_Offshore,FG_WH_BD,2028-W24,6000,FG warehouse throughput
Apparel_Offshore,DC_US_Offshore,2028-W24,5000,US DC throughput
Apparel_Offshore,DC_JP_Offshore,2028-W24,3000,JP DC throughput
Apparel_Vertical,Garment_PT,2028-W24,2000,Garment weekly capacity
Apparel_Vertical,Dyeing_PT,2028-W24,50000,"Dyeing tier, effectively unconstrained"
Apparel_Vertical,Trim_MA,2028-W24,50000,"Trim tier, effectively unconstrained"
Apparel_Vertical,Fabric_ES,2028-W24,50000,"Fabric supply, effectively unconstrained"
Apparel_Vertical,FG_WH_PT,2028-W24,4000,FG warehouse throughput
Apparel_Vertical,DC_US_Vertical,2028-W24,4000,US DC throughput
Apparel_Vertical,DC_JP_Vertical,2028-W24,2500,JP DC throughput
Apparel_Offshore,Garment_BD,2028-W25,3500,Garment weekly capacity
Apparel_Offshore,Dyeing_BD,2028-W25,50000,"Dyeing tier, effectively unconstrained"
Apparel_Offshore,Trim_VN,2028-W25,50000,"Trim tier, effectively unconstrained"
Apparel_Offshore,Fabric_CN,2028-W25,50000,"Fabric supply, effectively unconstrained"
Apparel_Offshore,FG_WH_BD,2028-W25,6000,FG warehouse throughput
Apparel_Offshore,DC_US_Offshore,2028-W25,5000,US DC throughput
Apparel_Offshore,DC_JP_Offshore,2028-W25,3000,JP DC throughput
Apparel_Vertical,Garment_PT,2028-W25,2000,Garment weekly capacity
Apparel_Vertical,Dyeing_PT,2028-W25,50000,"Dyeing tier, effectively unconstrained"
Apparel_Vertical,Trim_MA,2028-W25,50000,"Trim tier, effectively unconstrained"
Apparel_Vertical,Fabric_ES,2028-W25,50000,"Fabric supply, effectively unconstrained"
Apparel_Vertical,FG_WH_PT,2028-W25,4000,FG warehouse throughput
Apparel_Vertical,DC_US_Vertical,2028-W25,4000,US DC throughput
Apparel_Vertical,DC_JP_Vertical,2028-W25,2500,JP DC throughput
Apparel_Offshore,Garment_BD,2028-W26,3500,Garment weekly capacity
Apparel_Offshore,Dyeing_BD,2028-W26,50000,"Dyeing tier, effectively unconstrained"
Apparel_Offshore,Trim_VN,2028-W26,50000,"Trim tier, effectively unconstrained"
Apparel_Offshore,Fabric_CN,2028-W26,50000,"Fabric supply, effectively unconstrained"
Apparel_Offshore,FG_WH_BD,2028-W26,6000,FG warehouse throughput
Apparel_Offshore,DC_US_Offshore,2028-W26,5000,US DC throughput
Apparel_Offshore,DC_JP_Offshore,2028-W26,3000,JP DC throughput
Apparel_Vertical,Garment_PT,2028-W26,2000,Garment weekly capacity
Apparel_Vertical,Dyeing_PT,2028-W26,50000,"Dyeing tier, effectively unconstrained"
Apparel_Vertical,Trim_MA,2028-W26,50000,"Trim tier, effectively unconstrained"
Apparel_Vertical,Fabric_ES,2028-W26,50000,"Fabric supply, effectively unconstrained"
Apparel_Vertical,FG_WH_PT,2028-W26,4000,FG warehouse throughput
Apparel_Vertical,DC_US_Vertical,2028-W26,4000,US DC throughput
Apparel_Vertical,DC_JP_Vertical,2028-W26,2500,JP DC throughput
Apparel_Offshore,Garment_BD,2028-W27,3500,Garment weekly capacity
Apparel_Offshore,Dyeing_BD,2028-W27,50000,"Dyeing tier, effectively unconstrained"
Apparel_Offshore,Trim_VN,2028-W27,50000,"Trim tier, effectively unconstrained"
Apparel_Offshore,Fabric_CN,2028-W27,50000,"Fabric supply, effectively unconstrained"
Apparel_Offshore,FG_WH_BD,2028-W27,6000,FG warehouse throughput
Apparel_Offshore,DC_US_Offshore,2028-W27,5000,US DC throughput
Apparel_Offshore,DC_JP_Offshore,2028-W27,3000,JP DC throughput
Apparel_Vertical,Garment_PT,2028-W27,2000,Garment weekly capacity
Apparel_Vertical,Dyeing_PT,2028-W27,50000,"Dyeing tier, effectively unconstrained"
Apparel_Vertical,Trim_MA,2028-W27,50000,"Trim tier, effectively unconstrained"
Apparel_Vertical,Fabric_ES,2028-W27,50000,"Fabric supply, effectively unconstrained"
Apparel_Vertical,FG_WH_PT,2028-W27,4000,FG warehouse throughput
Apparel_Vertical,DC_US_Vertical,2028-W27,4000,US DC throughput
Apparel_Vertical,DC_JP_Vertical,2028-W27,2500,JP DC throughput
Apparel_Offshore,Garment_BD,2028-W28,3500,Garment weekly capacity
Apparel_Offshore,Dyeing_BD,2028-W28,50000,"Dyeing tier, effectively unconstrained"
Apparel_Offshore,Trim_VN,2028-W28,50000,"Trim tier, effectively unconstrained"
Apparel_Offshore,Fabric_CN,2028-W28,50000,"Fabric supply, effectively unconstrained"
Apparel_Offshore,FG_WH_BD,2028-W28,6000,FG warehouse throughput
Apparel_Offshore,DC_US_Offshore,2028-W28,5000,US DC throughput
Apparel_Offshore,DC_JP_Offshore,2028-W28,3000,JP DC throughput
Apparel_Vertical,Garment_PT,2028-W28,2000,Garment weekly capacity
Apparel_Vertical,Dyeing_PT,2028-W28,50000,"Dyeing tier, effectively unconstrained"
Apparel_Vertical,Trim_MA,2028-W28,50000,"Trim tier, effectively unconstrained"
Apparel_Vertical,Fabric_ES,2028-W28,50000,"Fabric supply, effectively unconstrained"
Apparel_Vertical,FG_WH_PT,2028-W28,4000,FG warehouse throughput
Apparel_Vertical,DC_US_Vertical,2028-W28,4000,US DC throughput
Apparel_Vertical,DC_JP_Vertical,2028-W28,2500,JP DC throughput
Apparel_Offshore,Garment_BD,2028-W29,3500,Garment weekly capacity
Apparel_Offshore,Dyeing_BD,2028-W29,50000,"Dyeing tier, effectively unconstrained"
Apparel_Offshore,Trim_VN,2028-W29,50000,"Trim tier, effectively unconstrained"
Apparel_Offshore,Fabric_CN,2028-W29,50000,"Fabric supply, effectively unconstrained"
Apparel_Offshore,FG_WH_BD,2028-W29,6000,FG warehouse throughput
Apparel_Offshore,DC_US_Offshore,2028-W29,5000,US DC throughput
Apparel_Offshore,DC_JP_Offshore,2028-W29,3000,JP DC throughput
Apparel_Vertical,Garment_PT,2028-W29,2000,Garment weekly capacity
Apparel_Vertical,Dyeing_PT,2028-W29,50000,"Dyeing tier, effectively unconstrained"
Apparel_Vertical,Trim_MA,2028-W29,50000,"Trim tier, effectively unconstrained"
Apparel_Vertical,Fabric_ES,2028-W29,50000,"Fabric supply, effectively unconstrained"
Apparel_Vertical,FG_WH_PT,2028-W29,4000,FG warehouse throughput
Apparel_Vertical,DC_US_Vertical,2028-W29,4000,US DC throughput
Apparel_Vertical,DC_JP_Vertical,2028-W29,2500,JP DC throughput
Apparel_Offshore,Garment_BD,2028-W30,3500,Garment weekly capacity
Apparel_Offshore,Dyeing_BD,2028-W30,50000,"Dyeing tier, effectively unconstrained"
Apparel_Offshore,Trim_VN,2028-W30,50000,"Trim tier, effectively unconstrained"
Apparel_Offshore,Fabric_CN,2028-W30,50000,"Fabric supply, effectively unconstrained"
Apparel_Offshore,FG_WH_BD,2028-W30,6000,FG warehouse throughput
Apparel_Offshore,DC_US_Offshore,2028-W30,5000,US DC throughput
Apparel_Offshore,DC_JP_Offshore,2028-W30,3000,JP DC throughput
Apparel_Vertical,Garment_PT,2028-W30,2000,Garment weekly capacity
Apparel_Vertical,Dyeing_PT,2028-W30,50000,"Dyeing tier, effectively unconstrained"
Apparel_Vertical,Trim_MA,2028-W30,50000,"Trim tier, effectively unconstrained"
Apparel_Vertical,Fabric_ES,2028-W30,50000,"Fabric supply, effectively unconstrained"
Apparel_Vertical,FG_WH_PT,2028-W30,4000,FG warehouse throughput
Apparel_Vertical,DC_US_Vertical,2028-W30,4000,US DC throughput
Apparel_Vertical,DC_JP_Vertical,2028-W30,2500,JP DC throughput
Apparel_Offshore,Garment_BD,2028-W31,3500,Garment weekly capacity
Apparel_Offshore,Dyeing_BD,2028-W31,50000,"Dyeing tier, effectively unconstrained"
Apparel_Offshore,Trim_VN,2028-W31,50000,"Trim tier, effectively unconstrained"
Apparel_Offshore,Fabric_CN,2028-W31,50000,"Fabric supply, effectively unconstrained"
Apparel_Offshore,FG_WH_BD,2028-W31,6000,FG warehouse throughput
Apparel_Offshore,DC_US_Offshore,2028-W31,5000,US DC throughput
Apparel_Offshore,DC_JP_Offshore,2028-W31,3000,JP DC throughput
Apparel_Vertical,Garment_PT,2028-W31,2000,Garment weekly capacity
Apparel_Vertical,Dyeing_PT,2028-W31,50000,"Dyeing tier, effectively unconstrained"
Apparel_Vertical,Trim_MA,2028-W31,50000,"Trim tier, effectively unconstrained"
Apparel_Vertical,Fabric_ES,2028-W31,50000,"Fabric supply, effectively unconstrained"
Apparel_Vertical,FG_WH_PT,2028-W31,4000,FG warehouse throughput
Apparel_Vertical,DC_US_Vertical,2028-W31,4000,US DC throughput
Apparel_Vertical,DC_JP_Vertical,2028-W31,2500,JP DC throughput
Apparel_Offshore,Garment_BD,2028-W32,3500,Garment weekly capacity
Apparel_Offshore,Dyeing_BD,2028-W32,50000,"Dyeing tier, effectively unconstrained"
Apparel_Offshore,Trim_VN,2028-W32,50000,"Trim tier, effectively unconstrained"
Apparel_Offshore,Fabric_CN,2028-W32,50000,"Fabric supply, effectively unconstrained"
Apparel_Offshore,FG_WH_BD,2028-W32,6000,FG warehouse throughput
Apparel_Offshore,DC_US_Offshore,2028-W32,5000,US DC throughput
Apparel_Offshore,DC_JP_Offshore,2028-W32,3000,JP DC throughput
Apparel_Vertical,Garment_PT,2028-W32,400.0,Iberian August Factory Holiday (agosto) reduced capacity (20% of normal)
Apparel_Vertical,Dyeing_PT,2028-W32,50000,"Dyeing tier, effectively unconstrained"
Apparel_Vertical,Trim_MA,2028-W32,50000,"Trim tier, effectively unconstrained"
Apparel_Vertical,Fabric_ES,2028-W32,50000,"Fabric supply, effectively unconstrained"
Apparel_Vertical,FG_WH_PT,2028-W32,4000,FG warehouse throughput
Apparel_Vertical,DC_US_Vertical,2028-W32,4000,US DC throughput
Apparel_Vertical,DC_JP_Vertical,2028-W32,2500,JP DC throughput
Apparel_Offshore,Garment_BD,2028-W33,3500,Garment weekly capacity
Apparel_Offshore,Dyeing_BD,2028-W33,50000,"Dyeing tier, effectively unconstrained"
Apparel_Offshore,Trim_VN,2028-W33,50000,"Trim tier, effectively unconstrained"
Apparel_Offshore,Fabric_CN,2028-W33,50000,"Fabric supply, effectively unconstrained"
Apparel_Offshore,FG_WH_BD,2028-W33,6000,FG warehouse throughput
Apparel_Offshore,DC_US_Offshore,2028-W33,5000,US DC throughput
Apparel_Offshore,DC_JP_Offshore,2028-W33,3000,JP DC throughput
Apparel_Vertical,Garment_PT,2028-W33,400.0,Iberian August Factory Holiday (agosto) reduced capacity (20% of normal)
Apparel_Vertical,Dyeing_PT,2028-W33,50000,"Dyeing tier, effectively unconstrained"
Apparel_Vertical,Trim_MA,2028-W33,50000,"Trim tier, effectively unconstrained"
Apparel_Vertical,Fabric_ES,2028-W33,50000,"Fabric supply, effectively unconstrained"
Apparel_Vertical,FG_WH_PT,2028-W33,4000,FG warehouse throughput
Apparel_Vertical,DC_US_Vertical,2028-W33,4000,US DC throughput
Apparel_Vertical,DC_JP_Vertical,2028-W33,2500,JP DC throughput
Apparel_Offshore,Garment_BD,2028-W34,3500,Garment weekly capacity
Apparel_Offshore,Dyeing_BD,2028-W34,50000,"Dyeing tier, effectively unconstrained"
Apparel_Offshore,Trim_VN,2028-W34,50000,"Trim tier, effectively unconstrained"
Apparel_Offshore,Fabric_CN,2028-W34,50000,"Fabric supply, effectively unconstrained"
Apparel_Offshore,FG_WH_BD,2028-W34,6000,FG warehouse throughput
Apparel_Offshore,DC_US_Offshore,2028-W34,5000,US DC throughput
Apparel_Offshore,DC_JP_Offshore,2028-W34,3000,JP DC throughput
Apparel_Vertical,Garment_PT,2028-W34,2000,Garment weekly capacity
Apparel_Vertical,Dyeing_PT,2028-W34,50000,"Dyeing tier, effectively unconstrained"
Apparel_Vertical,Trim_MA,2028-W34,50000,"Trim tier, effectively unconstrained"
Apparel_Vertical,Fabric_ES,2028-W34,50000,"Fabric supply, effectively unconstrained"
Apparel_Vertical,FG_WH_PT,2028-W34,4000,FG warehouse throughput
Apparel_Vertical,DC_US_Vertical,2028-W34,4000,US DC throughput
Apparel_Vertical,DC_JP_Vertical,2028-W34,2500,JP DC throughput
Apparel_Offshore,Garment_BD,2028-W35,3500,Garment weekly capacity
Apparel_Offshore,Dyeing_BD,2028-W35,50000,"Dyeing tier, effectively unconstrained"
Apparel_Offshore,Trim_VN,2028-W35,50000,"Trim tier, effectively unconstrained"
Apparel_Offshore,Fabric_CN,2028-W35,50000,"Fabric supply, effectively unconstrained"
Apparel_Offshore,FG_WH_BD,2028-W35,6000,FG warehouse throughput
Apparel_Offshore,DC_US_Offshore,2028-W35,5000,US DC throughput
Apparel_Offshore,DC_JP_Offshore,2028-W35,3000,JP DC throughput
Apparel_Vertical,Garment_PT,2028-W35,2000,Garment weekly capacity
Apparel_Vertical,Dyeing_PT,2028-W35,50000,"Dyeing tier, effectively unconstrained"
Apparel_Vertical,Trim_MA,2028-W35,50000,"Trim tier, effectively unconstrained"
Apparel_Vertical,Fabric_ES,2028-W35,50000,"Fabric supply, effectively unconstrained"
Apparel_Vertical,FG_WH_PT,2028-W35,4000,FG warehouse throughput
Apparel_Vertical,DC_US_Vertical,2028-W35,4000,US DC throughput
Apparel_Vertical,DC_JP_Vertical,2028-W35,2500,JP DC throughput
Apparel_Offshore,Garment_BD,2028-W36,3500,Garment weekly capacity
Apparel_Offshore,Dyeing_BD,2028-W36,50000,"Dyeing tier, effectively unconstrained"
Apparel_Offshore,Trim_VN,2028-W36,50000,"Trim tier, effectively unconstrained"
Apparel_Offshore,Fabric_CN,2028-W36,50000,"Fabric supply, effectively unconstrained"
Apparel_Offshore,FG_WH_BD,2028-W36,6000,FG warehouse throughput
Apparel_Offshore,DC_US_Offshore,2028-W36,5000,US DC throughput
Apparel_Offshore,DC_JP_Offshore,2028-W36,3000,JP DC throughput
Apparel_Vertical,Garment_PT,2028-W36,2000,Garment weekly capacity
Apparel_Vertical,Dyeing_PT,2028-W36,50000,"Dyeing tier, effectively unconstrained"
Apparel_Vertical,Trim_MA,2028-W36,50000,"Trim tier, effectively unconstrained"
Apparel_Vertical,Fabric_ES,2028-W36,50000,"Fabric supply, effectively unconstrained"
Apparel_Vertical,FG_WH_PT,2028-W36,4000,FG warehouse throughput
Apparel_Vertical,DC_US_Vertical,2028-W36,4000,US DC throughput
Apparel_Vertical,DC_JP_Vertical,2028-W36,2500,JP DC throughput
Apparel_Offshore,Garment_BD,2028-W37,3500,Garment weekly capacity
Apparel_Offshore,Dyeing_BD,2028-W37,50000,"Dyeing tier, effectively unconstrained"
Apparel_Offshore,Trim_VN,2028-W37,50000,"Trim tier, effectively unconstrained"
Apparel_Offshore,Fabric_CN,2028-W37,50000,"Fabric supply, effectively unconstrained"
Apparel_Offshore,FG_WH_BD,2028-W37,6000,FG warehouse throughput
Apparel_Offshore,DC_US_Offshore,2028-W37,5000,US DC throughput
Apparel_Offshore,DC_JP_Offshore,2028-W37,3000,JP DC throughput
Apparel_Vertical,Garment_PT,2028-W37,2000,Garment weekly capacity
Apparel_Vertical,Dyeing_PT,2028-W37,50000,"Dyeing tier, effectively unconstrained"
Apparel_Vertical,Trim_MA,2028-W37,50000,"Trim tier, effectively unconstrained"
Apparel_Vertical,Fabric_ES,2028-W37,50000,"Fabric supply, effectively unconstrained"
Apparel_Vertical,FG_WH_PT,2028-W37,4000,FG warehouse throughput
Apparel_Vertical,DC_US_Vertical,2028-W37,4000,US DC throughput
Apparel_Vertical,DC_JP_Vertical,2028-W37,2500,JP DC throughput
Apparel_Offshore,Garment_BD,2028-W38,3500,Garment weekly capacity
Apparel_Offshore,Dyeing_BD,2028-W38,50000,"Dyeing tier, effectively unconstrained"
Apparel_Offshore,Trim_VN,2028-W38,50000,"Trim tier, effectively unconstrained"
Apparel_Offshore,Fabric_CN,2028-W38,50000,"Fabric supply, effectively unconstrained"
Apparel_Offshore,FG_WH_BD,2028-W38,6000,FG warehouse throughput
Apparel_Offshore,DC_US_Offshore,2028-W38,5000,US DC throughput
Apparel_Offshore,DC_JP_Offshore,2028-W38,3000,JP DC throughput
Apparel_Vertical,Garment_PT,2028-W38,2000,Garment weekly capacity
Apparel_Vertical,Dyeing_PT,2028-W38,50000,"Dyeing tier, effectively unconstrained"
Apparel_Vertical,Trim_MA,2028-W38,50000,"Trim tier, effectively unconstrained"
Apparel_Vertical,Fabric_ES,2028-W38,50000,"Fabric supply, effectively unconstrained"
Apparel_Vertical,FG_WH_PT,2028-W38,4000,FG warehouse throughput
Apparel_Vertical,DC_US_Vertical,2028-W38,4000,US DC throughput
Apparel_Vertical,DC_JP_Vertical,2028-W38,2500,JP DC throughput
Apparel_Offshore,Garment_BD,2028-W39,3500,Garment weekly capacity
Apparel_Offshore,Dyeing_BD,2028-W39,50000,"Dyeing tier, effectively unconstrained"
Apparel_Offshore,Trim_VN,2028-W39,50000,"Trim tier, effectively unconstrained"
Apparel_Offshore,Fabric_CN,2028-W39,50000,"Fabric supply, effectively unconstrained"
Apparel_Offshore,FG_WH_BD,2028-W39,6000,FG warehouse throughput
Apparel_Offshore,DC_US_Offshore,2028-W39,5000,US DC throughput
Apparel_Offshore,DC_JP_Offshore,2028-W39,3000,JP DC throughput
Apparel_Vertical,Garment_PT,2028-W39,2000,Garment weekly capacity
Apparel_Vertical,Dyeing_PT,2028-W39,50000,"Dyeing tier, effectively unconstrained"
Apparel_Vertical,Trim_MA,2028-W39,50000,"Trim tier, effectively unconstrained"
Apparel_Vertical,Fabric_ES,2028-W39,50000,"Fabric supply, effectively unconstrained"
Apparel_Vertical,FG_WH_PT,2028-W39,4000,FG warehouse throughput
Apparel_Vertical,DC_US_Vertical,2028-W39,4000,US DC throughput
Apparel_Vertical,DC_JP_Vertical,2028-W39,2500,JP DC throughput
Apparel_Offshore,Garment_BD,2028-W40,3500,Garment weekly capacity
Apparel_Offshore,Dyeing_BD,2028-W40,50000,"Dyeing tier, effectively unconstrained"
Apparel_Offshore,Trim_VN,2028-W40,50000,"Trim tier, effectively unconstrained"
Apparel_Offshore,Fabric_CN,2028-W40,50000,"Fabric supply, effectively unconstrained"
Apparel_Offshore,FG_WH_BD,2028-W40,6000,FG warehouse throughput
Apparel_Offshore,DC_US_Offshore,2028-W40,5000,US DC throughput
Apparel_Offshore,DC_JP_Offshore,2028-W40,3000,JP DC throughput
Apparel_Vertical,Garment_PT,2028-W40,2000,Garment weekly capacity
Apparel_Vertical,Dyeing_PT,2028-W40,50000,"Dyeing tier, effectively unconstrained"
Apparel_Vertical,Trim_MA,2028-W40,50000,"Trim tier, effectively unconstrained"
Apparel_Vertical,Fabric_ES,2028-W40,50000,"Fabric supply, effectively unconstrained"
Apparel_Vertical,FG_WH_PT,2028-W40,4000,FG warehouse throughput
Apparel_Vertical,DC_US_Vertical,2028-W40,4000,US DC throughput
Apparel_Vertical,DC_JP_Vertical,2028-W40,2500,JP DC throughput
Apparel_Offshore,Garment_BD,2028-W41,3500,Garment weekly capacity
Apparel_Offshore,Dyeing_BD,2028-W41,50000,"Dyeing tier, effectively unconstrained"
Apparel_Offshore,Trim_VN,2028-W41,50000,"Trim tier, effectively unconstrained"
Apparel_Offshore,Fabric_CN,2028-W41,50000,"Fabric supply, effectively unconstrained"
Apparel_Offshore,FG_WH_BD,2028-W41,6000,FG warehouse throughput
Apparel_Offshore,DC_US_Offshore,2028-W41,5000,US DC throughput
Apparel_Offshore,DC_JP_Offshore,2028-W41,3000,JP DC throughput
Apparel_Vertical,Garment_PT,2028-W41,2000,Garment weekly capacity
Apparel_Vertical,Dyeing_PT,2028-W41,50000,"Dyeing tier, effectively unconstrained"
Apparel_Vertical,Trim_MA,2028-W41,50000,"Trim tier, effectively unconstrained"
Apparel_Vertical,Fabric_ES,2028-W41,50000,"Fabric supply, effectively unconstrained"
Apparel_Vertical,FG_WH_PT,2028-W41,4000,FG warehouse throughput
Apparel_Vertical,DC_US_Vertical,2028-W41,4000,US DC throughput
Apparel_Vertical,DC_JP_Vertical,2028-W41,2500,JP DC throughput
Apparel_Offshore,Garment_BD,2028-W42,3500,Garment weekly capacity
Apparel_Offshore,Dyeing_BD,2028-W42,50000,"Dyeing tier, effectively unconstrained"
Apparel_Offshore,Trim_VN,2028-W42,50000,"Trim tier, effectively unconstrained"
Apparel_Offshore,Fabric_CN,2028-W42,50000,"Fabric supply, effectively unconstrained"
Apparel_Offshore,FG_WH_BD,2028-W42,6000,FG warehouse throughput
Apparel_Offshore,DC_US_Offshore,2028-W42,5000,US DC throughput
Apparel_Offshore,DC_JP_Offshore,2028-W42,3000,JP DC throughput
Apparel_Vertical,Garment_PT,2028-W42,2000,Garment weekly capacity
Apparel_Vertical,Dyeing_PT,2028-W42,50000,"Dyeing tier, effectively unconstrained"
Apparel_Vertical,Trim_MA,2028-W42,50000,"Trim tier, effectively unconstrained"
Apparel_Vertical,Fabric_ES,2028-W42,50000,"Fabric supply, effectively unconstrained"
Apparel_Vertical,FG_WH_PT,2028-W42,4000,FG warehouse throughput
Apparel_Vertical,DC_US_Vertical,2028-W42,4000,US DC throughput
Apparel_Vertical,DC_JP_Vertical,2028-W42,2500,JP DC throughput
Apparel_Offshore,Garment_BD,2028-W43,3500,Garment weekly capacity
Apparel_Offshore,Dyeing_BD,2028-W43,50000,"Dyeing tier, effectively unconstrained"
Apparel_Offshore,Trim_VN,2028-W43,50000,"Trim tier, effectively unconstrained"
Apparel_Offshore,Fabric_CN,2028-W43,50000,"Fabric supply, effectively unconstrained"
Apparel_Offshore,FG_WH_BD,2028-W43,6000,FG warehouse throughput
Apparel_Offshore,DC_US_Offshore,2028-W43,5000,US DC throughput
Apparel_Offshore,DC_JP_Offshore,2028-W43,3000,JP DC throughput
Apparel_Vertical,Garment_PT,2028-W43,2000,Garment weekly capacity
Apparel_Vertical,Dyeing_PT,2028-W43,50000,"Dyeing tier, effectively unconstrained"
Apparel_Vertical,Trim_MA,2028-W43,50000,"Trim tier, effectively unconstrained"
Apparel_Vertical,Fabric_ES,2028-W43,50000,"Fabric supply, effectively unconstrained"
Apparel_Vertical,FG_WH_PT,2028-W43,4000,FG warehouse throughput
Apparel_Vertical,DC_US_Vertical,2028-W43,4000,US DC throughput
Apparel_Vertical,DC_JP_Vertical,2028-W43,2500,JP DC throughput
Apparel_Offshore,Garment_BD,2028-W44,3500,Garment weekly capacity
Apparel_Offshore,Dyeing_BD,2028-W44,50000,"Dyeing tier, effectively unconstrained"
Apparel_Offshore,Trim_VN,2028-W44,50000,"Trim tier, effectively unconstrained"
Apparel_Offshore,Fabric_CN,2028-W44,50000,"Fabric supply, effectively unconstrained"
Apparel_Offshore,FG_WH_BD,2028-W44,6000,FG warehouse throughput
Apparel_Offshore,DC_US_Offshore,2028-W44,5000,US DC throughput
Apparel_Offshore,DC_JP_Offshore,2028-W44,3000,JP DC throughput
Apparel_Vertical,Garment_PT,2028-W44,2000,Garment weekly capacity
Apparel_Vertical,Dyeing_PT,2028-W44,50000,"Dyeing tier, effectively unconstrained"
Apparel_Vertical,Trim_MA,2028-W44,50000,"Trim tier, effectively unconstrained"
Apparel_Vertical,Fabric_ES,2028-W44,50000,"Fabric supply, effectively unconstrained"
Apparel_Vertical,FG_WH_PT,2028-W44,4000,FG warehouse throughput
Apparel_Vertical,DC_US_Vertical,2028-W44,4000,US DC throughput
Apparel_Vertical,DC_JP_Vertical,2028-W44,2500,JP DC throughput
Apparel_Offshore,Garment_BD,2028-W45,3500,Garment weekly capacity
Apparel_Offshore,Dyeing_BD,2028-W45,50000,"Dyeing tier, effectively unconstrained"
Apparel_Offshore,Trim_VN,2028-W45,50000,"Trim tier, effectively unconstrained"
Apparel_Offshore,Fabric_CN,2028-W45,50000,"Fabric supply, effectively unconstrained"
Apparel_Offshore,FG_WH_BD,2028-W45,6000,FG warehouse throughput
Apparel_Offshore,DC_US_Offshore,2028-W45,5000,US DC throughput
Apparel_Offshore,DC_JP_Offshore,2028-W45,3000,JP DC throughput
Apparel_Vertical,Garment_PT,2028-W45,2000,Garment weekly capacity
Apparel_Vertical,Dyeing_PT,2028-W45,50000,"Dyeing tier, effectively unconstrained"
Apparel_Vertical,Trim_MA,2028-W45,50000,"Trim tier, effectively unconstrained"
Apparel_Vertical,Fabric_ES,2028-W45,50000,"Fabric supply, effectively unconstrained"
Apparel_Vertical,FG_WH_PT,2028-W45,4000,FG warehouse throughput
Apparel_Vertical,DC_US_Vertical,2028-W45,4000,US DC throughput
Apparel_Vertical,DC_JP_Vertical,2028-W45,2500,JP DC throughput
Apparel_Offshore,Garment_BD,2028-W46,3500,Garment weekly capacity
Apparel_Offshore,Dyeing_BD,2028-W46,50000,"Dyeing tier, effectively unconstrained"
Apparel_Offshore,Trim_VN,2028-W46,50000,"Trim tier, effectively unconstrained"
Apparel_Offshore,Fabric_CN,2028-W46,50000,"Fabric supply, effectively unconstrained"
Apparel_Offshore,FG_WH_BD,2028-W46,6000,FG warehouse throughput
Apparel_Offshore,DC_US_Offshore,2028-W46,5000,US DC throughput
Apparel_Offshore,DC_JP_Offshore,2028-W46,3000,JP DC throughput
Apparel_Vertical,Garment_PT,2028-W46,2000,Garment weekly capacity
Apparel_Vertical,Dyeing_PT,2028-W46,50000,"Dyeing tier, effectively unconstrained"
Apparel_Vertical,Trim_MA,2028-W46,50000,"Trim tier, effectively unconstrained"
Apparel_Vertical,Fabric_ES,2028-W46,50000,"Fabric supply, effectively unconstrained"
Apparel_Vertical,FG_WH_PT,2028-W46,4000,FG warehouse throughput
Apparel_Vertical,DC_US_Vertical,2028-W46,4000,US DC throughput
Apparel_Vertical,DC_JP_Vertical,2028-W46,2500,JP DC throughput
Apparel_Offshore,Garment_BD,2028-W47,3500,Garment weekly capacity
Apparel_Offshore,Dyeing_BD,2028-W47,50000,"Dyeing tier, effectively unconstrained"
Apparel_Offshore,Trim_VN,2028-W47,50000,"Trim tier, effectively unconstrained"
Apparel_Offshore,Fabric_CN,2028-W47,50000,"Fabric supply, effectively unconstrained"
Apparel_Offshore,FG_WH_BD,2028-W47,6000,FG warehouse throughput
Apparel_Offshore,DC_US_Offshore,2028-W47,5000,US DC throughput
Apparel_Offshore,DC_JP_Offshore,2028-W47,3000,JP DC throughput
Apparel_Vertical,Garment_PT,2028-W47,2000,Garment weekly capacity
Apparel_Vertical,Dyeing_PT,2028-W47,50000,"Dyeing tier, effectively unconstrained"
Apparel_Vertical,Trim_MA,2028-W47,50000,"Trim tier, effectively unconstrained"
Apparel_Vertical,Fabric_ES,2028-W47,50000,"Fabric supply, effectively unconstrained"
Apparel_Vertical,FG_WH_PT,2028-W47,4000,FG warehouse throughput
Apparel_Vertical,DC_US_Vertical,2028-W47,4000,US DC throughput
Apparel_Vertical,DC_JP_Vertical,2028-W47,2500,JP DC throughput
Apparel_Offshore,Garment_BD,2028-W48,3500,Garment weekly capacity
Apparel_Offshore,Dyeing_BD,2028-W48,50000,"Dyeing tier, effectively unconstrained"
Apparel_Offshore,Trim_VN,2028-W48,50000,"Trim tier, effectively unconstrained"
Apparel_Offshore,Fabric_CN,2028-W48,50000,"Fabric supply, effectively unconstrained"
Apparel_Offshore,FG_WH_BD,2028-W48,6000,FG warehouse throughput
Apparel_Offshore,DC_US_Offshore,2028-W48,5000,US DC throughput
Apparel_Offshore,DC_JP_Offshore,2028-W48,3000,JP DC throughput
Apparel_Vertical,Garment_PT,2028-W48,2000,Garment weekly capacity
Apparel_Vertical,Dyeing_PT,2028-W48,50000,"Dyeing tier, effectively unconstrained"
Apparel_Vertical,Trim_MA,2028-W48,50000,"Trim tier, effectively unconstrained"
Apparel_Vertical,Fabric_ES,2028-W48,50000,"Fabric supply, effectively unconstrained"
Apparel_Vertical,FG_WH_PT,2028-W48,4000,FG warehouse throughput
Apparel_Vertical,DC_US_Vertical,2028-W48,4000,US DC throughput
Apparel_Vertical,DC_JP_Vertical,2028-W48,2500,JP DC throughput
Apparel_Offshore,Garment_BD,2028-W49,3500,Garment weekly capacity
Apparel_Offshore,Dyeing_BD,2028-W49,50000,"Dyeing tier, effectively unconstrained"
Apparel_Offshore,Trim_VN,2028-W49,50000,"Trim tier, effectively unconstrained"
Apparel_Offshore,Fabric_CN,2028-W49,50000,"Fabric supply, effectively unconstrained"
Apparel_Offshore,FG_WH_BD,2028-W49,6000,FG warehouse throughput
Apparel_Offshore,DC_US_Offshore,2028-W49,5000,US DC throughput
Apparel_Offshore,DC_JP_Offshore,2028-W49,3000,JP DC throughput
Apparel_Vertical,Garment_PT,2028-W49,2000,Garment weekly capacity
Apparel_Vertical,Dyeing_PT,2028-W49,50000,"Dyeing tier, effectively unconstrained"
Apparel_Vertical,Trim_MA,2028-W49,50000,"Trim tier, effectively unconstrained"
Apparel_Vertical,Fabric_ES,2028-W49,50000,"Fabric supply, effectively unconstrained"
Apparel_Vertical,FG_WH_PT,2028-W49,4000,FG warehouse throughput
Apparel_Vertical,DC_US_Vertical,2028-W49,4000,US DC throughput
Apparel_Vertical,DC_JP_Vertical,2028-W49,2500,JP DC throughput
Apparel_Offshore,Garment_BD,2028-W50,3500,Garment weekly capacity
Apparel_Offshore,Dyeing_BD,2028-W50,50000,"Dyeing tier, effectively unconstrained"
Apparel_Offshore,Trim_VN,2028-W50,50000,"Trim tier, effectively unconstrained"
Apparel_Offshore,Fabric_CN,2028-W50,50000,"Fabric supply, effectively unconstrained"
Apparel_Offshore,FG_WH_BD,2028-W50,6000,FG warehouse throughput
Apparel_Offshore,DC_US_Offshore,2028-W50,5000,US DC throughput
Apparel_Offshore,DC_JP_Offshore,2028-W50,3000,JP DC throughput
Apparel_Vertical,Garment_PT,2028-W50,2000,Garment weekly capacity
Apparel_Vertical,Dyeing_PT,2028-W50,50000,"Dyeing tier, effectively unconstrained"
Apparel_Vertical,Trim_MA,2028-W50,50000,"Trim tier, effectively unconstrained"
Apparel_Vertical,Fabric_ES,2028-W50,50000,"Fabric supply, effectively unconstrained"
Apparel_Vertical,FG_WH_PT,2028-W50,4000,FG warehouse throughput
Apparel_Vertical,DC_US_Vertical,2028-W50,4000,US DC throughput
Apparel_Vertical,DC_JP_Vertical,2028-W50,2500,JP DC throughput
Apparel_Offshore,Garment_BD,2028-W51,3500,Garment weekly capacity
Apparel_Offshore,Dyeing_BD,2028-W51,50000,"Dyeing tier, effectively unconstrained"
Apparel_Offshore,Trim_VN,2028-W51,50000,"Trim tier, effectively unconstrained"
Apparel_Offshore,Fabric_CN,2028-W51,50000,"Fabric supply, effectively unconstrained"
Apparel_Offshore,FG_WH_BD,2028-W51,6000,FG warehouse throughput
Apparel_Offshore,DC_US_Offshore,2028-W51,5000,US DC throughput
Apparel_Offshore,DC_JP_Offshore,2028-W51,3000,JP DC throughput
Apparel_Vertical,Garment_PT,2028-W51,2000,Garment weekly capacity
Apparel_Vertical,Dyeing_PT,2028-W51,50000,"Dyeing tier, effectively unconstrained"
Apparel_Vertical,Trim_MA,2028-W51,50000,"Trim tier, effectively unconstrained"
Apparel_Vertical,Fabric_ES,2028-W51,50000,"Fabric supply, effectively unconstrained"
Apparel_Vertical,FG_WH_PT,2028-W51,4000,FG warehouse throughput
Apparel_Vertical,DC_US_Vertical,2028-W51,4000,US DC throughput
Apparel_Vertical,DC_JP_Vertical,2028-W51,2500,JP DC throughput
Apparel_Offshore,Garment_BD,2028-W52,3500,Garment weekly capacity
Apparel_Offshore,Dyeing_BD,2028-W52,50000,"Dyeing tier, effectively unconstrained"
Apparel_Offshore,Trim_VN,2028-W52,50000,"Trim tier, effectively unconstrained"
Apparel_Offshore,Fabric_CN,2028-W52,50000,"Fabric supply, effectively unconstrained"
Apparel_Offshore,FG_WH_BD,2028-W52,6000,FG warehouse throughput
Apparel_Offshore,DC_US_Offshore,2028-W52,5000,US DC throughput
Apparel_Offshore,DC_JP_Offshore,2028-W52,3000,JP DC throughput
Apparel_Vertical,Garment_PT,2028-W52,2000,Garment weekly capacity
Apparel_Vertical,Dyeing_PT,2028-W52,50000,"Dyeing tier, effectively unconstrained"
Apparel_Vertical,Trim_MA,2028-W52,50000,"Trim tier, effectively unconstrained"
Apparel_Vertical,Fabric_ES,2028-W52,50000,"Fabric supply, effectively unconstrained"
Apparel_Vertical,FG_WH_PT,2028-W52,4000,FG warehouse throughput
Apparel_Vertical,DC_US_Vertical,2028-W52,4000,US DC throughput
Apparel_Vertical,DC_JP_Vertical,2028-W52,2500,JP DC throughput
Apparel_Offshore,Garment_BD,2029-W01,3500,Garment weekly capacity
Apparel_Offshore,Dyeing_BD,2029-W01,50000,"Dyeing tier, effectively unconstrained"
Apparel_Offshore,Trim_VN,2029-W01,50000,"Trim tier, effectively unconstrained"
Apparel_Offshore,Fabric_CN,2029-W01,50000,"Fabric supply, effectively unconstrained"
Apparel_Offshore,FG_WH_BD,2029-W01,6000,FG warehouse throughput
Apparel_Offshore,DC_US_Offshore,2029-W01,5000,US DC throughput
Apparel_Offshore,DC_JP_Offshore,2029-W01,3000,JP DC throughput
Apparel_Vertical,Garment_PT,2029-W01,2000,Garment weekly capacity
Apparel_Vertical,Dyeing_PT,2029-W01,50000,"Dyeing tier, effectively unconstrained"
Apparel_Vertical,Trim_MA,2029-W01,50000,"Trim tier, effectively unconstrained"
Apparel_Vertical,Fabric_ES,2029-W01,50000,"Fabric supply, effectively unconstrained"
Apparel_Vertical,FG_WH_PT,2029-W01,4000,FG warehouse throughput
Apparel_Vertical,DC_US_Vertical,2029-W01,4000,US DC throughput
Apparel_Vertical,DC_JP_Vertical,2029-W01,2500,JP DC throughput
Apparel_Offshore,Garment_BD,2029-W02,3500,Garment weekly capacity
Apparel_Offshore,Dyeing_BD,2029-W02,50000,"Dyeing tier, effectively unconstrained"
Apparel_Offshore,Trim_VN,2029-W02,50000,"Trim tier, effectively unconstrained"
Apparel_Offshore,Fabric_CN,2029-W02,50000,"Fabric supply, effectively unconstrained"
Apparel_Offshore,FG_WH_BD,2029-W02,6000,FG warehouse throughput
Apparel_Offshore,DC_US_Offshore,2029-W02,5000,US DC throughput
Apparel_Offshore,DC_JP_Offshore,2029-W02,3000,JP DC throughput
Apparel_Vertical,Garment_PT,2029-W02,2000,Garment weekly capacity
Apparel_Vertical,Dyeing_PT,2029-W02,50000,"Dyeing tier, effectively unconstrained"
Apparel_Vertical,Trim_MA,2029-W02,50000,"Trim tier, effectively unconstrained"
Apparel_Vertical,Fabric_ES,2029-W02,50000,"Fabric supply, effectively unconstrained"
Apparel_Vertical,FG_WH_PT,2029-W02,4000,FG warehouse throughput
Apparel_Vertical,DC_US_Vertical,2029-W02,4000,US DC throughput
Apparel_Vertical,DC_JP_Vertical,2029-W02,2500,JP DC throughput
Apparel_Offshore,Garment_BD,2029-W03,3500,Garment weekly capacity
Apparel_Offshore,Dyeing_BD,2029-W03,50000,"Dyeing tier, effectively unconstrained"
Apparel_Offshore,Trim_VN,2029-W03,50000,"Trim tier, effectively unconstrained"
Apparel_Offshore,Fabric_CN,2029-W03,50000,"Fabric supply, effectively unconstrained"
Apparel_Offshore,FG_WH_BD,2029-W03,6000,FG warehouse throughput
Apparel_Offshore,DC_US_Offshore,2029-W03,5000,US DC throughput
Apparel_Offshore,DC_JP_Offshore,2029-W03,3000,JP DC throughput
Apparel_Vertical,Garment_PT,2029-W03,2000,Garment weekly capacity
Apparel_Vertical,Dyeing_PT,2029-W03,50000,"Dyeing tier, effectively unconstrained"
Apparel_Vertical,Trim_MA,2029-W03,50000,"Trim tier, effectively unconstrained"
Apparel_Vertical,Fabric_ES,2029-W03,50000,"Fabric supply, effectively unconstrained"
Apparel_Vertical,FG_WH_PT,2029-W03,4000,FG warehouse throughput
Apparel_Vertical,DC_US_Vertical,2029-W03,4000,US DC throughput
Apparel_Vertical,DC_JP_Vertical,2029-W03,2500,JP DC throughput
Apparel_Offshore,Garment_BD,2029-W04,3500,Garment weekly capacity
Apparel_Offshore,Dyeing_BD,2029-W04,50000,"Dyeing tier, effectively unconstrained"
Apparel_Offshore,Trim_VN,2029-W04,50000,"Trim tier, effectively unconstrained"
Apparel_Offshore,Fabric_CN,2029-W04,50000,"Fabric supply, effectively unconstrained"
Apparel_Offshore,FG_WH_BD,2029-W04,6000,FG warehouse throughput
Apparel_Offshore,DC_US_Offshore,2029-W04,5000,US DC throughput
Apparel_Offshore,DC_JP_Offshore,2029-W04,3000,JP DC throughput
Apparel_Vertical,Garment_PT,2029-W04,2000,Garment weekly capacity
Apparel_Vertical,Dyeing_PT,2029-W04,50000,"Dyeing tier, effectively unconstrained"
Apparel_Vertical,Trim_MA,2029-W04,50000,"Trim tier, effectively unconstrained"
Apparel_Vertical,Fabric_ES,2029-W04,50000,"Fabric supply, effectively unconstrained"
Apparel_Vertical,FG_WH_PT,2029-W04,4000,FG warehouse throughput
Apparel_Vertical,DC_US_Vertical,2029-W04,4000,US DC throughput
Apparel_Vertical,DC_JP_Vertical,2029-W04,2500,JP DC throughput
Apparel_Offshore,Garment_BD,2029-W05,3500,Garment weekly capacity
Apparel_Offshore,Dyeing_BD,2029-W05,50000,"Dyeing tier, effectively unconstrained"
Apparel_Offshore,Trim_VN,2029-W05,50000,"Trim tier, effectively unconstrained"
Apparel_Offshore,Fabric_CN,2029-W05,50000,"Fabric supply, effectively unconstrained"
Apparel_Offshore,FG_WH_BD,2029-W05,6000,FG warehouse throughput
Apparel_Offshore,DC_US_Offshore,2029-W05,5000,US DC throughput
Apparel_Offshore,DC_JP_Offshore,2029-W05,3000,JP DC throughput
Apparel_Vertical,Garment_PT,2029-W05,2000,Garment weekly capacity
Apparel_Vertical,Dyeing_PT,2029-W05,50000,"Dyeing tier, effectively unconstrained"
Apparel_Vertical,Trim_MA,2029-W05,50000,"Trim tier, effectively unconstrained"
Apparel_Vertical,Fabric_ES,2029-W05,50000,"Fabric supply, effectively unconstrained"
Apparel_Vertical,FG_WH_PT,2029-W05,4000,FG warehouse throughput
Apparel_Vertical,DC_US_Vertical,2029-W05,4000,US DC throughput
Apparel_Vertical,DC_JP_Vertical,2029-W05,2500,JP DC throughput
Apparel_Offshore,Garment_BD,2029-W06,3500,Garment weekly capacity
Apparel_Offshore,Dyeing_BD,2029-W06,50000,"Dyeing tier, effectively unconstrained"
Apparel_Offshore,Trim_VN,2029-W06,50000,"Trim tier, effectively unconstrained"
Apparel_Offshore,Fabric_CN,2029-W06,50000,"Fabric supply, effectively unconstrained"
Apparel_Offshore,FG_WH_BD,2029-W06,6000,FG warehouse throughput
Apparel_Offshore,DC_US_Offshore,2029-W06,5000,US DC throughput
Apparel_Offshore,DC_JP_Offshore,2029-W06,3000,JP DC throughput
Apparel_Vertical,Garment_PT,2029-W06,2000,Garment weekly capacity
Apparel_Vertical,Dyeing_PT,2029-W06,50000,"Dyeing tier, effectively unconstrained"
Apparel_Vertical,Trim_MA,2029-W06,50000,"Trim tier, effectively unconstrained"
Apparel_Vertical,Fabric_ES,2029-W06,50000,"Fabric supply, effectively unconstrained"
Apparel_Vertical,FG_WH_PT,2029-W06,4000,FG warehouse throughput
Apparel_Vertical,DC_US_Vertical,2029-W06,4000,US DC throughput
Apparel_Vertical,DC_JP_Vertical,2029-W06,2500,JP DC throughput
Apparel_Offshore,Garment_BD,2029-W07,3500,Garment weekly capacity
Apparel_Offshore,Dyeing_BD,2029-W07,50000,"Dyeing tier, effectively unconstrained"
Apparel_Offshore,Trim_VN,2029-W07,50000,"Trim tier, effectively unconstrained"
Apparel_Offshore,Fabric_CN,2029-W07,50000,"Fabric supply, effectively unconstrained"
Apparel_Offshore,FG_WH_BD,2029-W07,6000,FG warehouse throughput
Apparel_Offshore,DC_US_Offshore,2029-W07,5000,US DC throughput
Apparel_Offshore,DC_JP_Offshore,2029-W07,3000,JP DC throughput
Apparel_Vertical,Garment_PT,2029-W07,2000,Garment weekly capacity
Apparel_Vertical,Dyeing_PT,2029-W07,50000,"Dyeing tier, effectively unconstrained"
Apparel_Vertical,Trim_MA,2029-W07,50000,"Trim tier, effectively unconstrained"
Apparel_Vertical,Fabric_ES,2029-W07,50000,"Fabric supply, effectively unconstrained"
Apparel_Vertical,FG_WH_PT,2029-W07,4000,FG warehouse throughput
Apparel_Vertical,DC_US_Vertical,2029-W07,4000,US DC throughput
Apparel_Vertical,DC_JP_Vertical,2029-W07,2500,JP DC throughput
Apparel_Offshore,Garment_BD,2029-W08,3500,Garment weekly capacity
Apparel_Offshore,Dyeing_BD,2029-W08,50000,"Dyeing tier, effectively unconstrained"
Apparel_Offshore,Trim_VN,2029-W08,50000,"Trim tier, effectively unconstrained"
Apparel_Offshore,Fabric_CN,2029-W08,50000,"Fabric supply, effectively unconstrained"
Apparel_Offshore,FG_WH_BD,2029-W08,6000,FG warehouse throughput
Apparel_Offshore,DC_US_Offshore,2029-W08,5000,US DC throughput
Apparel_Offshore,DC_JP_Offshore,2029-W08,3000,JP DC throughput
Apparel_Vertical,Garment_PT,2029-W08,2000,Garment weekly capacity
Apparel_Vertical,Dyeing_PT,2029-W08,50000,"Dyeing tier, effectively unconstrained"
Apparel_Vertical,Trim_MA,2029-W08,50000,"Trim tier, effectively unconstrained"
Apparel_Vertical,Fabric_ES,2029-W08,50000,"Fabric supply, effectively unconstrained"
Apparel_Vertical,FG_WH_PT,2029-W08,4000,FG warehouse throughput
Apparel_Vertical,DC_US_Vertical,2029-W08,4000,US DC throughput
Apparel_Vertical,DC_JP_Vertical,2029-W08,2500,JP DC throughput
Apparel_Offshore,Garment_BD,2029-W09,3500,Garment weekly capacity
Apparel_Offshore,Dyeing_BD,2029-W09,50000,"Dyeing tier, effectively unconstrained"
Apparel_Offshore,Trim_VN,2029-W09,50000,"Trim tier, effectively unconstrained"
Apparel_Offshore,Fabric_CN,2029-W09,50000,"Fabric supply, effectively unconstrained"
Apparel_Offshore,FG_WH_BD,2029-W09,6000,FG warehouse throughput
Apparel_Offshore,DC_US_Offshore,2029-W09,5000,US DC throughput
Apparel_Offshore,DC_JP_Offshore,2029-W09,3000,JP DC throughput
Apparel_Vertical,Garment_PT,2029-W09,2000,Garment weekly capacity
Apparel_Vertical,Dyeing_PT,2029-W09,50000,"Dyeing tier, effectively unconstrained"
Apparel_Vertical,Trim_MA,2029-W09,50000,"Trim tier, effectively unconstrained"
Apparel_Vertical,Fabric_ES,2029-W09,50000,"Fabric supply, effectively unconstrained"
Apparel_Vertical,FG_WH_PT,2029-W09,4000,FG warehouse throughput
Apparel_Vertical,DC_US_Vertical,2029-W09,4000,US DC throughput
Apparel_Vertical,DC_JP_Vertical,2029-W09,2500,JP DC throughput
Apparel_Offshore,Garment_BD,2029-W10,3500,Garment weekly capacity
Apparel_Offshore,Dyeing_BD,2029-W10,50000,"Dyeing tier, effectively unconstrained"
Apparel_Offshore,Trim_VN,2029-W10,50000,"Trim tier, effectively unconstrained"
Apparel_Offshore,Fabric_CN,2029-W10,50000,"Fabric supply, effectively unconstrained"
Apparel_Offshore,FG_WH_BD,2029-W10,6000,FG warehouse throughput
Apparel_Offshore,DC_US_Offshore,2029-W10,5000,US DC throughput
Apparel_Offshore,DC_JP_Offshore,2029-W10,3000,JP DC throughput
Apparel_Vertical,Garment_PT,2029-W10,2000,Garment weekly capacity
Apparel_Vertical,Dyeing_PT,2029-W10,50000,"Dyeing tier, effectively unconstrained"
Apparel_Vertical,Trim_MA,2029-W10,50000,"Trim tier, effectively unconstrained"
Apparel_Vertical,Fabric_ES,2029-W10,50000,"Fabric supply, effectively unconstrained"
Apparel_Vertical,FG_WH_PT,2029-W10,4000,FG warehouse throughput
Apparel_Vertical,DC_US_Vertical,2029-W10,4000,US DC throughput
Apparel_Vertical,DC_JP_Vertical,2029-W10,2500,JP DC throughput
Apparel_Offshore,Garment_BD,2029-W11,3500,Garment weekly capacity
Apparel_Offshore,Dyeing_BD,2029-W11,50000,"Dyeing tier, effectively unconstrained"
Apparel_Offshore,Trim_VN,2029-W11,50000,"Trim tier, effectively unconstrained"
Apparel_Offshore,Fabric_CN,2029-W11,50000,"Fabric supply, effectively unconstrained"
Apparel_Offshore,FG_WH_BD,2029-W11,6000,FG warehouse throughput
Apparel_Offshore,DC_US_Offshore,2029-W11,5000,US DC throughput
Apparel_Offshore,DC_JP_Offshore,2029-W11,3000,JP DC throughput
Apparel_Vertical,Garment_PT,2029-W11,2000,Garment weekly capacity
Apparel_Vertical,Dyeing_PT,2029-W11,50000,"Dyeing tier, effectively unconstrained"
Apparel_Vertical,Trim_MA,2029-W11,50000,"Trim tier, effectively unconstrained"
Apparel_Vertical,Fabric_ES,2029-W11,50000,"Fabric supply, effectively unconstrained"
Apparel_Vertical,FG_WH_PT,2029-W11,4000,FG warehouse throughput
Apparel_Vertical,DC_US_Vertical,2029-W11,4000,US DC throughput
Apparel_Vertical,DC_JP_Vertical,2029-W11,2500,JP DC throughput
Apparel_Offshore,Garment_BD,2029-W12,3500,Garment weekly capacity
Apparel_Offshore,Dyeing_BD,2029-W12,50000,"Dyeing tier, effectively unconstrained"
Apparel_Offshore,Trim_VN,2029-W12,50000,"Trim tier, effectively unconstrained"
Apparel_Offshore,Fabric_CN,2029-W12,50000,"Fabric supply, effectively unconstrained"
Apparel_Offshore,FG_WH_BD,2029-W12,6000,FG warehouse throughput
Apparel_Offshore,DC_US_Offshore,2029-W12,5000,US DC throughput
Apparel_Offshore,DC_JP_Offshore,2029-W12,3000,JP DC throughput
Apparel_Vertical,Garment_PT,2029-W12,2000,Garment weekly capacity
Apparel_Vertical,Dyeing_PT,2029-W12,50000,"Dyeing tier, effectively unconstrained"
Apparel_Vertical,Trim_MA,2029-W12,50000,"Trim tier, effectively unconstrained"
Apparel_Vertical,Fabric_ES,2029-W12,50000,"Fabric supply, effectively unconstrained"
Apparel_Vertical,FG_WH_PT,2029-W12,4000,FG warehouse throughput
Apparel_Vertical,DC_US_Vertical,2029-W12,4000,US DC throughput
Apparel_Vertical,DC_JP_Vertical,2029-W12,2500,JP DC throughput
Apparel_Offshore,Garment_BD,2029-W13,3500,Garment weekly capacity
Apparel_Offshore,Dyeing_BD,2029-W13,50000,"Dyeing tier, effectively unconstrained"
Apparel_Offshore,Trim_VN,2029-W13,50000,"Trim tier, effectively unconstrained"
Apparel_Offshore,Fabric_CN,2029-W13,50000,"Fabric supply, effectively unconstrained"
Apparel_Offshore,FG_WH_BD,2029-W13,6000,FG warehouse throughput
Apparel_Offshore,DC_US_Offshore,2029-W13,5000,US DC throughput
Apparel_Offshore,DC_JP_Offshore,2029-W13,3000,JP DC throughput
Apparel_Vertical,Garment_PT,2029-W13,2000,Garment weekly capacity
Apparel_Vertical,Dyeing_PT,2029-W13,50000,"Dyeing tier, effectively unconstrained"
Apparel_Vertical,Trim_MA,2029-W13,50000,"Trim tier, effectively unconstrained"
Apparel_Vertical,Fabric_ES,2029-W13,50000,"Fabric supply, effectively unconstrained"
Apparel_Vertical,FG_WH_PT,2029-W13,4000,FG warehouse throughput
Apparel_Vertical,DC_US_Vertical,2029-W13,4000,US DC throughput
Apparel_Vertical,DC_JP_Vertical,2029-W13,2500,JP DC throughput
Apparel_Offshore,Garment_BD,2029-W14,3500,Garment weekly capacity
Apparel_Offshore,Dyeing_BD,2029-W14,50000,"Dyeing tier, effectively unconstrained"
Apparel_Offshore,Trim_VN,2029-W14,50000,"Trim tier, effectively unconstrained"
Apparel_Offshore,Fabric_CN,2029-W14,50000,"Fabric supply, effectively unconstrained"
Apparel_Offshore,FG_WH_BD,2029-W14,6000,FG warehouse throughput
Apparel_Offshore,DC_US_Offshore,2029-W14,5000,US DC throughput
Apparel_Offshore,DC_JP_Offshore,2029-W14,3000,JP DC throughput
Apparel_Vertical,Garment_PT,2029-W14,2000,Garment weekly capacity
Apparel_Vertical,Dyeing_PT,2029-W14,50000,"Dyeing tier, effectively unconstrained"
Apparel_Vertical,Trim_MA,2029-W14,50000,"Trim tier, effectively unconstrained"
Apparel_Vertical,Fabric_ES,2029-W14,50000,"Fabric supply, effectively unconstrained"
Apparel_Vertical,FG_WH_PT,2029-W14,4000,FG warehouse throughput
Apparel_Vertical,DC_US_Vertical,2029-W14,4000,US DC throughput
Apparel_Vertical,DC_JP_Vertical,2029-W14,2500,JP DC throughput
Apparel_Offshore,Garment_BD,2029-W15,3500,Garment weekly capacity
Apparel_Offshore,Dyeing_BD,2029-W15,50000,"Dyeing tier, effectively unconstrained"
Apparel_Offshore,Trim_VN,2029-W15,50000,"Trim tier, effectively unconstrained"
Apparel_Offshore,Fabric_CN,2029-W15,50000,"Fabric supply, effectively unconstrained"
Apparel_Offshore,FG_WH_BD,2029-W15,6000,FG warehouse throughput
Apparel_Offshore,DC_US_Offshore,2029-W15,5000,US DC throughput
Apparel_Offshore,DC_JP_Offshore,2029-W15,3000,JP DC throughput
Apparel_Vertical,Garment_PT,2029-W15,2000,Garment weekly capacity
Apparel_Vertical,Dyeing_PT,2029-W15,50000,"Dyeing tier, effectively unconstrained"
Apparel_Vertical,Trim_MA,2029-W15,50000,"Trim tier, effectively unconstrained"
Apparel_Vertical,Fabric_ES,2029-W15,50000,"Fabric supply, effectively unconstrained"
Apparel_Vertical,FG_WH_PT,2029-W15,4000,FG warehouse throughput
Apparel_Vertical,DC_US_Vertical,2029-W15,4000,US DC throughput
Apparel_Vertical,DC_JP_Vertical,2029-W15,2500,JP DC throughput
Apparel_Offshore,Garment_BD,2029-W16,3500,Garment weekly capacity
Apparel_Offshore,Dyeing_BD,2029-W16,50000,"Dyeing tier, effectively unconstrained"
Apparel_Offshore,Trim_VN,2029-W16,50000,"Trim tier, effectively unconstrained"
Apparel_Offshore,Fabric_CN,2029-W16,50000,"Fabric supply, effectively unconstrained"
Apparel_Offshore,FG_WH_BD,2029-W16,6000,FG warehouse throughput
Apparel_Offshore,DC_US_Offshore,2029-W16,5000,US DC throughput
Apparel_Offshore,DC_JP_Offshore,2029-W16,3000,JP DC throughput
Apparel_Vertical,Garment_PT,2029-W16,2000,Garment weekly capacity
Apparel_Vertical,Dyeing_PT,2029-W16,50000,"Dyeing tier, effectively unconstrained"
Apparel_Vertical,Trim_MA,2029-W16,50000,"Trim tier, effectively unconstrained"
Apparel_Vertical,Fabric_ES,2029-W16,50000,"Fabric supply, effectively unconstrained"
Apparel_Vertical,FG_WH_PT,2029-W16,4000,FG warehouse throughput
Apparel_Vertical,DC_US_Vertical,2029-W16,4000,US DC throughput
Apparel_Vertical,DC_JP_Vertical,2029-W16,2500,JP DC throughput
Apparel_Offshore,Garment_BD,2029-W17,3500,Garment weekly capacity
Apparel_Offshore,Dyeing_BD,2029-W17,50000,"Dyeing tier, effectively unconstrained"
Apparel_Offshore,Trim_VN,2029-W17,50000,"Trim tier, effectively unconstrained"
Apparel_Offshore,Fabric_CN,2029-W17,50000,"Fabric supply, effectively unconstrained"
Apparel_Offshore,FG_WH_BD,2029-W17,6000,FG warehouse throughput
Apparel_Offshore,DC_US_Offshore,2029-W17,5000,US DC throughput
Apparel_Offshore,DC_JP_Offshore,2029-W17,3000,JP DC throughput
Apparel_Vertical,Garment_PT,2029-W17,2000,Garment weekly capacity
Apparel_Vertical,Dyeing_PT,2029-W17,50000,"Dyeing tier, effectively unconstrained"
Apparel_Vertical,Trim_MA,2029-W17,50000,"Trim tier, effectively unconstrained"
Apparel_Vertical,Fabric_ES,2029-W17,50000,"Fabric supply, effectively unconstrained"
Apparel_Vertical,FG_WH_PT,2029-W17,4000,FG warehouse throughput
Apparel_Vertical,DC_US_Vertical,2029-W17,4000,US DC throughput
Apparel_Vertical,DC_JP_Vertical,2029-W17,2500,JP DC throughput
Apparel_Offshore,Garment_BD,2029-W18,3500,Garment weekly capacity
Apparel_Offshore,Dyeing_BD,2029-W18,50000,"Dyeing tier, effectively unconstrained"
Apparel_Offshore,Trim_VN,2029-W18,50000,"Trim tier, effectively unconstrained"
Apparel_Offshore,Fabric_CN,2029-W18,50000,"Fabric supply, effectively unconstrained"
Apparel_Offshore,FG_WH_BD,2029-W18,6000,FG warehouse throughput
Apparel_Offshore,DC_US_Offshore,2029-W18,5000,US DC throughput
Apparel_Offshore,DC_JP_Offshore,2029-W18,3000,JP DC throughput
Apparel_Vertical,Garment_PT,2029-W18,2000,Garment weekly capacity
Apparel_Vertical,Dyeing_PT,2029-W18,50000,"Dyeing tier, effectively unconstrained"
Apparel_Vertical,Trim_MA,2029-W18,50000,"Trim tier, effectively unconstrained"
Apparel_Vertical,Fabric_ES,2029-W18,50000,"Fabric supply, effectively unconstrained"
Apparel_Vertical,FG_WH_PT,2029-W18,4000,FG warehouse throughput
Apparel_Vertical,DC_US_Vertical,2029-W18,4000,US DC throughput
Apparel_Vertical,DC_JP_Vertical,2029-W18,2500,JP DC throughput
Apparel_Offshore,Garment_BD,2029-W19,3500,Garment weekly capacity
Apparel_Offshore,Dyeing_BD,2029-W19,50000,"Dyeing tier, effectively unconstrained"
Apparel_Offshore,Trim_VN,2029-W19,50000,"Trim tier, effectively unconstrained"
Apparel_Offshore,Fabric_CN,2029-W19,50000,"Fabric supply, effectively unconstrained"
Apparel_Offshore,FG_WH_BD,2029-W19,6000,FG warehouse throughput
Apparel_Offshore,DC_US_Offshore,2029-W19,5000,US DC throughput
Apparel_Offshore,DC_JP_Offshore,2029-W19,3000,JP DC throughput
Apparel_Vertical,Garment_PT,2029-W19,2000,Garment weekly capacity
Apparel_Vertical,Dyeing_PT,2029-W19,50000,"Dyeing tier, effectively unconstrained"
Apparel_Vertical,Trim_MA,2029-W19,50000,"Trim tier, effectively unconstrained"
Apparel_Vertical,Fabric_ES,2029-W19,50000,"Fabric supply, effectively unconstrained"
Apparel_Vertical,FG_WH_PT,2029-W19,4000,FG warehouse throughput
Apparel_Vertical,DC_US_Vertical,2029-W19,4000,US DC throughput
Apparel_Vertical,DC_JP_Vertical,2029-W19,2500,JP DC throughput
Apparel_Offshore,Garment_BD,2029-W20,3500,Garment weekly capacity
Apparel_Offshore,Dyeing_BD,2029-W20,50000,"Dyeing tier, effectively unconstrained"
Apparel_Offshore,Trim_VN,2029-W20,50000,"Trim tier, effectively unconstrained"
Apparel_Offshore,Fabric_CN,2029-W20,50000,"Fabric supply, effectively unconstrained"
Apparel_Offshore,FG_WH_BD,2029-W20,6000,FG warehouse throughput
Apparel_Offshore,DC_US_Offshore,2029-W20,5000,US DC throughput
Apparel_Offshore,DC_JP_Offshore,2029-W20,3000,JP DC throughput
Apparel_Vertical,Garment_PT,2029-W20,2000,Garment weekly capacity
Apparel_Vertical,Dyeing_PT,2029-W20,50000,"Dyeing tier, effectively unconstrained"
Apparel_Vertical,Trim_MA,2029-W20,50000,"Trim tier, effectively unconstrained"
Apparel_Vertical,Fabric_ES,2029-W20,50000,"Fabric supply, effectively unconstrained"
Apparel_Vertical,FG_WH_PT,2029-W20,4000,FG warehouse throughput
Apparel_Vertical,DC_US_Vertical,2029-W20,4000,US DC throughput
Apparel_Vertical,DC_JP_Vertical,2029-W20,2500,JP DC throughput
Apparel_Offshore,Garment_BD,2029-W21,3500,Garment weekly capacity
Apparel_Offshore,Dyeing_BD,2029-W21,50000,"Dyeing tier, effectively unconstrained"
Apparel_Offshore,Trim_VN,2029-W21,50000,"Trim tier, effectively unconstrained"
Apparel_Offshore,Fabric_CN,2029-W21,50000,"Fabric supply, effectively unconstrained"
Apparel_Offshore,FG_WH_BD,2029-W21,6000,FG warehouse throughput
Apparel_Offshore,DC_US_Offshore,2029-W21,5000,US DC throughput
Apparel_Offshore,DC_JP_Offshore,2029-W21,3000,JP DC throughput
Apparel_Vertical,Garment_PT,2029-W21,2000,Garment weekly capacity
Apparel_Vertical,Dyeing_PT,2029-W21,50000,"Dyeing tier, effectively unconstrained"
Apparel_Vertical,Trim_MA,2029-W21,50000,"Trim tier, effectively unconstrained"
Apparel_Vertical,Fabric_ES,2029-W21,50000,"Fabric supply, effectively unconstrained"
Apparel_Vertical,FG_WH_PT,2029-W21,4000,FG warehouse throughput
Apparel_Vertical,DC_US_Vertical,2029-W21,4000,US DC throughput
Apparel_Vertical,DC_JP_Vertical,2029-W21,2500,JP DC throughput
Apparel_Offshore,Garment_BD,2029-W22,700.0,Bangladesh Garment Sector Labor Shortage (seasonal) reduced capacity (20% of normal)
Apparel_Offshore,Dyeing_BD,2029-W22,50000,"Dyeing tier, effectively unconstrained"
Apparel_Offshore,Trim_VN,2029-W22,50000,"Trim tier, effectively unconstrained"
Apparel_Offshore,Fabric_CN,2029-W22,50000,"Fabric supply, effectively unconstrained"
Apparel_Offshore,FG_WH_BD,2029-W22,6000,FG warehouse throughput
Apparel_Offshore,DC_US_Offshore,2029-W22,5000,US DC throughput
Apparel_Offshore,DC_JP_Offshore,2029-W22,3000,JP DC throughput
Apparel_Vertical,Garment_PT,2029-W22,2000,Garment weekly capacity
Apparel_Vertical,Dyeing_PT,2029-W22,50000,"Dyeing tier, effectively unconstrained"
Apparel_Vertical,Trim_MA,2029-W22,50000,"Trim tier, effectively unconstrained"
Apparel_Vertical,Fabric_ES,2029-W22,50000,"Fabric supply, effectively unconstrained"
Apparel_Vertical,FG_WH_PT,2029-W22,4000,FG warehouse throughput
Apparel_Vertical,DC_US_Vertical,2029-W22,4000,US DC throughput
Apparel_Vertical,DC_JP_Vertical,2029-W22,2500,JP DC throughput
Apparel_Offshore,Garment_BD,2029-W23,700.0,Bangladesh Garment Sector Labor Shortage (seasonal) reduced capacity (20% of normal)
Apparel_Offshore,Dyeing_BD,2029-W23,50000,"Dyeing tier, effectively unconstrained"
Apparel_Offshore,Trim_VN,2029-W23,50000,"Trim tier, effectively unconstrained"
Apparel_Offshore,Fabric_CN,2029-W23,50000,"Fabric supply, effectively unconstrained"
Apparel_Offshore,FG_WH_BD,2029-W23,6000,FG warehouse throughput
Apparel_Offshore,DC_US_Offshore,2029-W23,5000,US DC throughput
Apparel_Offshore,DC_JP_Offshore,2029-W23,3000,JP DC throughput
Apparel_Vertical,Garment_PT,2029-W23,2000,Garment weekly capacity
Apparel_Vertical,Dyeing_PT,2029-W23,50000,"Dyeing tier, effectively unconstrained"
Apparel_Vertical,Trim_MA,2029-W23,50000,"Trim tier, effectively unconstrained"
Apparel_Vertical,Fabric_ES,2029-W23,50000,"Fabric supply, effectively unconstrained"
Apparel_Vertical,FG_WH_PT,2029-W23,4000,FG warehouse throughput
Apparel_Vertical,DC_US_Vertical,2029-W23,4000,US DC throughput
Apparel_Vertical,DC_JP_Vertical,2029-W23,2500,JP DC throughput
Apparel_Offshore,Garment_BD,2029-W24,3500,Garment weekly capacity
Apparel_Offshore,Dyeing_BD,2029-W24,50000,"Dyeing tier, effectively unconstrained"
Apparel_Offshore,Trim_VN,2029-W24,50000,"Trim tier, effectively unconstrained"
Apparel_Offshore,Fabric_CN,2029-W24,50000,"Fabric supply, effectively unconstrained"
Apparel_Offshore,FG_WH_BD,2029-W24,6000,FG warehouse throughput
Apparel_Offshore,DC_US_Offshore,2029-W24,5000,US DC throughput
Apparel_Offshore,DC_JP_Offshore,2029-W24,3000,JP DC throughput
Apparel_Vertical,Garment_PT,2029-W24,2000,Garment weekly capacity
Apparel_Vertical,Dyeing_PT,2029-W24,50000,"Dyeing tier, effectively unconstrained"
Apparel_Vertical,Trim_MA,2029-W24,50000,"Trim tier, effectively unconstrained"
Apparel_Vertical,Fabric_ES,2029-W24,50000,"Fabric supply, effectively unconstrained"
Apparel_Vertical,FG_WH_PT,2029-W24,4000,FG warehouse throughput
Apparel_Vertical,DC_US_Vertical,2029-W24,4000,US DC throughput
Apparel_Vertical,DC_JP_Vertical,2029-W24,2500,JP DC throughput
Apparel_Offshore,Garment_BD,2029-W25,3500,Garment weekly capacity
Apparel_Offshore,Dyeing_BD,2029-W25,50000,"Dyeing tier, effectively unconstrained"
Apparel_Offshore,Trim_VN,2029-W25,50000,"Trim tier, effectively unconstrained"
Apparel_Offshore,Fabric_CN,2029-W25,50000,"Fabric supply, effectively unconstrained"
Apparel_Offshore,FG_WH_BD,2029-W25,6000,FG warehouse throughput
Apparel_Offshore,DC_US_Offshore,2029-W25,5000,US DC throughput
Apparel_Offshore,DC_JP_Offshore,2029-W25,3000,JP DC throughput
Apparel_Vertical,Garment_PT,2029-W25,2000,Garment weekly capacity
Apparel_Vertical,Dyeing_PT,2029-W25,50000,"Dyeing tier, effectively unconstrained"
Apparel_Vertical,Trim_MA,2029-W25,50000,"Trim tier, effectively unconstrained"
Apparel_Vertical,Fabric_ES,2029-W25,50000,"Fabric supply, effectively unconstrained"
Apparel_Vertical,FG_WH_PT,2029-W25,4000,FG warehouse throughput
Apparel_Vertical,DC_US_Vertical,2029-W25,4000,US DC throughput
Apparel_Vertical,DC_JP_Vertical,2029-W25,2500,JP DC throughput
Apparel_Offshore,Garment_BD,2029-W26,3500,Garment weekly capacity
Apparel_Offshore,Dyeing_BD,2029-W26,50000,"Dyeing tier, effectively unconstrained"
Apparel_Offshore,Trim_VN,2029-W26,50000,"Trim tier, effectively unconstrained"
Apparel_Offshore,Fabric_CN,2029-W26,50000,"Fabric supply, effectively unconstrained"
Apparel_Offshore,FG_WH_BD,2029-W26,6000,FG warehouse throughput
Apparel_Offshore,DC_US_Offshore,2029-W26,5000,US DC throughput
Apparel_Offshore,DC_JP_Offshore,2029-W26,3000,JP DC throughput
Apparel_Vertical,Garment_PT,2029-W26,2000,Garment weekly capacity
Apparel_Vertical,Dyeing_PT,2029-W26,50000,"Dyeing tier, effectively unconstrained"
Apparel_Vertical,Trim_MA,2029-W26,50000,"Trim tier, effectively unconstrained"
Apparel_Vertical,Fabric_ES,2029-W26,50000,"Fabric supply, effectively unconstrained"
Apparel_Vertical,FG_WH_PT,2029-W26,4000,FG warehouse throughput
Apparel_Vertical,DC_US_Vertical,2029-W26,4000,US DC throughput
Apparel_Vertical,DC_JP_Vertical,2029-W26,2500,JP DC throughput
Apparel_Offshore,Garment_BD,2029-W27,3500,Garment weekly capacity
Apparel_Offshore,Dyeing_BD,2029-W27,50000,"Dyeing tier, effectively unconstrained"
Apparel_Offshore,Trim_VN,2029-W27,50000,"Trim tier, effectively unconstrained"
Apparel_Offshore,Fabric_CN,2029-W27,50000,"Fabric supply, effectively unconstrained"
Apparel_Offshore,FG_WH_BD,2029-W27,6000,FG warehouse throughput
Apparel_Offshore,DC_US_Offshore,2029-W27,5000,US DC throughput
Apparel_Offshore,DC_JP_Offshore,2029-W27,3000,JP DC throughput
Apparel_Vertical,Garment_PT,2029-W27,2000,Garment weekly capacity
Apparel_Vertical,Dyeing_PT,2029-W27,50000,"Dyeing tier, effectively unconstrained"
Apparel_Vertical,Trim_MA,2029-W27,50000,"Trim tier, effectively unconstrained"
Apparel_Vertical,Fabric_ES,2029-W27,50000,"Fabric supply, effectively unconstrained"
Apparel_Vertical,FG_WH_PT,2029-W27,4000,FG warehouse throughput
Apparel_Vertical,DC_US_Vertical,2029-W27,4000,US DC throughput
Apparel_Vertical,DC_JP_Vertical,2029-W27,2500,JP DC throughput
Apparel_Offshore,Garment_BD,2029-W28,3500,Garment weekly capacity
Apparel_Offshore,Dyeing_BD,2029-W28,50000,"Dyeing tier, effectively unconstrained"
Apparel_Offshore,Trim_VN,2029-W28,50000,"Trim tier, effectively unconstrained"
Apparel_Offshore,Fabric_CN,2029-W28,50000,"Fabric supply, effectively unconstrained"
Apparel_Offshore,FG_WH_BD,2029-W28,6000,FG warehouse throughput
Apparel_Offshore,DC_US_Offshore,2029-W28,5000,US DC throughput
Apparel_Offshore,DC_JP_Offshore,2029-W28,3000,JP DC throughput
Apparel_Vertical,Garment_PT,2029-W28,2000,Garment weekly capacity
Apparel_Vertical,Dyeing_PT,2029-W28,50000,"Dyeing tier, effectively unconstrained"
Apparel_Vertical,Trim_MA,2029-W28,50000,"Trim tier, effectively unconstrained"
Apparel_Vertical,Fabric_ES,2029-W28,50000,"Fabric supply, effectively unconstrained"
Apparel_Vertical,FG_WH_PT,2029-W28,4000,FG warehouse throughput
Apparel_Vertical,DC_US_Vertical,2029-W28,4000,US DC throughput
Apparel_Vertical,DC_JP_Vertical,2029-W28,2500,JP DC throughput
Apparel_Offshore,Garment_BD,2029-W29,3500,Garment weekly capacity
Apparel_Offshore,Dyeing_BD,2029-W29,50000,"Dyeing tier, effectively unconstrained"
Apparel_Offshore,Trim_VN,2029-W29,50000,"Trim tier, effectively unconstrained"
Apparel_Offshore,Fabric_CN,2029-W29,50000,"Fabric supply, effectively unconstrained"
Apparel_Offshore,FG_WH_BD,2029-W29,6000,FG warehouse throughput
Apparel_Offshore,DC_US_Offshore,2029-W29,5000,US DC throughput
Apparel_Offshore,DC_JP_Offshore,2029-W29,3000,JP DC throughput
Apparel_Vertical,Garment_PT,2029-W29,2000,Garment weekly capacity
Apparel_Vertical,Dyeing_PT,2029-W29,50000,"Dyeing tier, effectively unconstrained"
Apparel_Vertical,Trim_MA,2029-W29,50000,"Trim tier, effectively unconstrained"
Apparel_Vertical,Fabric_ES,2029-W29,50000,"Fabric supply, effectively unconstrained"
Apparel_Vertical,FG_WH_PT,2029-W29,4000,FG warehouse throughput
Apparel_Vertical,DC_US_Vertical,2029-W29,4000,US DC throughput
Apparel_Vertical,DC_JP_Vertical,2029-W29,2500,JP DC throughput
Apparel_Offshore,Garment_BD,2029-W30,3500,Garment weekly capacity
Apparel_Offshore,Dyeing_BD,2029-W30,50000,"Dyeing tier, effectively unconstrained"
Apparel_Offshore,Trim_VN,2029-W30,50000,"Trim tier, effectively unconstrained"
Apparel_Offshore,Fabric_CN,2029-W30,50000,"Fabric supply, effectively unconstrained"
Apparel_Offshore,FG_WH_BD,2029-W30,6000,FG warehouse throughput
Apparel_Offshore,DC_US_Offshore,2029-W30,5000,US DC throughput
Apparel_Offshore,DC_JP_Offshore,2029-W30,3000,JP DC throughput
Apparel_Vertical,Garment_PT,2029-W30,2000,Garment weekly capacity
Apparel_Vertical,Dyeing_PT,2029-W30,50000,"Dyeing tier, effectively unconstrained"
Apparel_Vertical,Trim_MA,2029-W30,50000,"Trim tier, effectively unconstrained"
Apparel_Vertical,Fabric_ES,2029-W30,50000,"Fabric supply, effectively unconstrained"
Apparel_Vertical,FG_WH_PT,2029-W30,4000,FG warehouse throughput
Apparel_Vertical,DC_US_Vertical,2029-W30,4000,US DC throughput
Apparel_Vertical,DC_JP_Vertical,2029-W30,2500,JP DC throughput
Apparel_Offshore,Garment_BD,2029-W31,3500,Garment weekly capacity
Apparel_Offshore,Dyeing_BD,2029-W31,50000,"Dyeing tier, effectively unconstrained"
Apparel_Offshore,Trim_VN,2029-W31,50000,"Trim tier, effectively unconstrained"
Apparel_Offshore,Fabric_CN,2029-W31,50000,"Fabric supply, effectively unconstrained"
Apparel_Offshore,FG_WH_BD,2029-W31,6000,FG warehouse throughput
Apparel_Offshore,DC_US_Offshore,2029-W31,5000,US DC throughput
Apparel_Offshore,DC_JP_Offshore,2029-W31,3000,JP DC throughput
Apparel_Vertical,Garment_PT,2029-W31,2000,Garment weekly capacity
Apparel_Vertical,Dyeing_PT,2029-W31,50000,"Dyeing tier, effectively unconstrained"
Apparel_Vertical,Trim_MA,2029-W31,50000,"Trim tier, effectively unconstrained"
Apparel_Vertical,Fabric_ES,2029-W31,50000,"Fabric supply, effectively unconstrained"
Apparel_Vertical,FG_WH_PT,2029-W31,4000,FG warehouse throughput
Apparel_Vertical,DC_US_Vertical,2029-W31,4000,US DC throughput
Apparel_Vertical,DC_JP_Vertical,2029-W31,2500,JP DC throughput
Apparel_Offshore,Garment_BD,2029-W32,3500,Garment weekly capacity
Apparel_Offshore,Dyeing_BD,2029-W32,50000,"Dyeing tier, effectively unconstrained"
Apparel_Offshore,Trim_VN,2029-W32,50000,"Trim tier, effectively unconstrained"
Apparel_Offshore,Fabric_CN,2029-W32,50000,"Fabric supply, effectively unconstrained"
Apparel_Offshore,FG_WH_BD,2029-W32,6000,FG warehouse throughput
Apparel_Offshore,DC_US_Offshore,2029-W32,5000,US DC throughput
Apparel_Offshore,DC_JP_Offshore,2029-W32,3000,JP DC throughput
Apparel_Vertical,Garment_PT,2029-W32,400.0,Iberian August Factory Holiday (agosto) reduced capacity (20% of normal)
Apparel_Vertical,Dyeing_PT,2029-W32,50000,"Dyeing tier, effectively unconstrained"
Apparel_Vertical,Trim_MA,2029-W32,50000,"Trim tier, effectively unconstrained"
Apparel_Vertical,Fabric_ES,2029-W32,50000,"Fabric supply, effectively unconstrained"
Apparel_Vertical,FG_WH_PT,2029-W32,4000,FG warehouse throughput
Apparel_Vertical,DC_US_Vertical,2029-W32,4000,US DC throughput
Apparel_Vertical,DC_JP_Vertical,2029-W32,2500,JP DC throughput
Apparel_Offshore,Garment_BD,2029-W33,3500,Garment weekly capacity
Apparel_Offshore,Dyeing_BD,2029-W33,50000,"Dyeing tier, effectively unconstrained"
Apparel_Offshore,Trim_VN,2029-W33,50000,"Trim tier, effectively unconstrained"
Apparel_Offshore,Fabric_CN,2029-W33,50000,"Fabric supply, effectively unconstrained"
Apparel_Offshore,FG_WH_BD,2029-W33,6000,FG warehouse throughput
Apparel_Offshore,DC_US_Offshore,2029-W33,5000,US DC throughput
Apparel_Offshore,DC_JP_Offshore,2029-W33,3000,JP DC throughput
Apparel_Vertical,Garment_PT,2029-W33,400.0,Iberian August Factory Holiday (agosto) reduced capacity (20% of normal)
Apparel_Vertical,Dyeing_PT,2029-W33,50000,"Dyeing tier, effectively unconstrained"
Apparel_Vertical,Trim_MA,2029-W33,50000,"Trim tier, effectively unconstrained"
Apparel_Vertical,Fabric_ES,2029-W33,50000,"Fabric supply, effectively unconstrained"
Apparel_Vertical,FG_WH_PT,2029-W33,4000,FG warehouse throughput
Apparel_Vertical,DC_US_Vertical,2029-W33,4000,US DC throughput
Apparel_Vertical,DC_JP_Vertical,2029-W33,2500,JP DC throughput
Apparel_Offshore,Garment_BD,2029-W34,3500,Garment weekly capacity
Apparel_Offshore,Dyeing_BD,2029-W34,50000,"Dyeing tier, effectively unconstrained"
Apparel_Offshore,Trim_VN,2029-W34,50000,"Trim tier, effectively unconstrained"
Apparel_Offshore,Fabric_CN,2029-W34,50000,"Fabric supply, effectively unconstrained"
Apparel_Offshore,FG_WH_BD,2029-W34,6000,FG warehouse throughput
Apparel_Offshore,DC_US_Offshore,2029-W34,5000,US DC throughput
Apparel_Offshore,DC_JP_Offshore,2029-W34,3000,JP DC throughput
Apparel_Vertical,Garment_PT,2029-W34,2000,Garment weekly capacity
Apparel_Vertical,Dyeing_PT,2029-W34,50000,"Dyeing tier, effectively unconstrained"
Apparel_Vertical,Trim_MA,2029-W34,50000,"Trim tier, effectively unconstrained"
Apparel_Vertical,Fabric_ES,2029-W34,50000,"Fabric supply, effectively unconstrained"
Apparel_Vertical,FG_WH_PT,2029-W34,4000,FG warehouse throughput
Apparel_Vertical,DC_US_Vertical,2029-W34,4000,US DC throughput
Apparel_Vertical,DC_JP_Vertical,2029-W34,2500,JP DC throughput
Apparel_Offshore,Garment_BD,2029-W35,3500,Garment weekly capacity
Apparel_Offshore,Dyeing_BD,2029-W35,50000,"Dyeing tier, effectively unconstrained"
Apparel_Offshore,Trim_VN,2029-W35,50000,"Trim tier, effectively unconstrained"
Apparel_Offshore,Fabric_CN,2029-W35,50000,"Fabric supply, effectively unconstrained"
Apparel_Offshore,FG_WH_BD,2029-W35,6000,FG warehouse throughput
Apparel_Offshore,DC_US_Offshore,2029-W35,5000,US DC throughput
Apparel_Offshore,DC_JP_Offshore,2029-W35,3000,JP DC throughput
Apparel_Vertical,Garment_PT,2029-W35,2000,Garment weekly capacity
Apparel_Vertical,Dyeing_PT,2029-W35,50000,"Dyeing tier, effectively unconstrained"
Apparel_Vertical,Trim_MA,2029-W35,50000,"Trim tier, effectively unconstrained"
Apparel_Vertical,Fabric_ES,2029-W35,50000,"Fabric supply, effectively unconstrained"
Apparel_Vertical,FG_WH_PT,2029-W35,4000,FG warehouse throughput
Apparel_Vertical,DC_US_Vertical,2029-W35,4000,US DC throughput
Apparel_Vertical,DC_JP_Vertical,2029-W35,2500,JP DC throughput
Apparel_Offshore,Garment_BD,2029-W36,3500,Garment weekly capacity
Apparel_Offshore,Dyeing_BD,2029-W36,50000,"Dyeing tier, effectively unconstrained"
Apparel_Offshore,Trim_VN,2029-W36,50000,"Trim tier, effectively unconstrained"
Apparel_Offshore,Fabric_CN,2029-W36,50000,"Fabric supply, effectively unconstrained"
Apparel_Offshore,FG_WH_BD,2029-W36,6000,FG warehouse throughput
Apparel_Offshore,DC_US_Offshore,2029-W36,5000,US DC throughput
Apparel_Offshore,DC_JP_Offshore,2029-W36,3000,JP DC throughput
Apparel_Vertical,Garment_PT,2029-W36,2000,Garment weekly capacity
Apparel_Vertical,Dyeing_PT,2029-W36,50000,"Dyeing tier, effectively unconstrained"
Apparel_Vertical,Trim_MA,2029-W36,50000,"Trim tier, effectively unconstrained"
Apparel_Vertical,Fabric_ES,2029-W36,50000,"Fabric supply, effectively unconstrained"
Apparel_Vertical,FG_WH_PT,2029-W36,4000,FG warehouse throughput
Apparel_Vertical,DC_US_Vertical,2029-W36,4000,US DC throughput
Apparel_Vertical,DC_JP_Vertical,2029-W36,2500,JP DC throughput
Apparel_Offshore,Garment_BD,2029-W37,3500,Garment weekly capacity
Apparel_Offshore,Dyeing_BD,2029-W37,50000,"Dyeing tier, effectively unconstrained"
Apparel_Offshore,Trim_VN,2029-W37,50000,"Trim tier, effectively unconstrained"
Apparel_Offshore,Fabric_CN,2029-W37,50000,"Fabric supply, effectively unconstrained"
Apparel_Offshore,FG_WH_BD,2029-W37,6000,FG warehouse throughput
Apparel_Offshore,DC_US_Offshore,2029-W37,5000,US DC throughput
Apparel_Offshore,DC_JP_Offshore,2029-W37,3000,JP DC throughput
Apparel_Vertical,Garment_PT,2029-W37,2000,Garment weekly capacity
Apparel_Vertical,Dyeing_PT,2029-W37,50000,"Dyeing tier, effectively unconstrained"
Apparel_Vertical,Trim_MA,2029-W37,50000,"Trim tier, effectively unconstrained"
Apparel_Vertical,Fabric_ES,2029-W37,50000,"Fabric supply, effectively unconstrained"
Apparel_Vertical,FG_WH_PT,2029-W37,4000,FG warehouse throughput
Apparel_Vertical,DC_US_Vertical,2029-W37,4000,US DC throughput
Apparel_Vertical,DC_JP_Vertical,2029-W37,2500,JP DC throughput
Apparel_Offshore,Garment_BD,2029-W38,3500,Garment weekly capacity
Apparel_Offshore,Dyeing_BD,2029-W38,50000,"Dyeing tier, effectively unconstrained"
Apparel_Offshore,Trim_VN,2029-W38,50000,"Trim tier, effectively unconstrained"
Apparel_Offshore,Fabric_CN,2029-W38,50000,"Fabric supply, effectively unconstrained"
Apparel_Offshore,FG_WH_BD,2029-W38,6000,FG warehouse throughput
Apparel_Offshore,DC_US_Offshore,2029-W38,5000,US DC throughput
Apparel_Offshore,DC_JP_Offshore,2029-W38,3000,JP DC throughput
Apparel_Vertical,Garment_PT,2029-W38,2000,Garment weekly capacity
Apparel_Vertical,Dyeing_PT,2029-W38,50000,"Dyeing tier, effectively unconstrained"
Apparel_Vertical,Trim_MA,2029-W38,50000,"Trim tier, effectively unconstrained"
Apparel_Vertical,Fabric_ES,2029-W38,50000,"Fabric supply, effectively unconstrained"
Apparel_Vertical,FG_WH_PT,2029-W38,4000,FG warehouse throughput
Apparel_Vertical,DC_US_Vertical,2029-W38,4000,US DC throughput
Apparel_Vertical,DC_JP_Vertical,2029-W38,2500,JP DC throughput
Apparel_Offshore,Garment_BD,2029-W39,3500,Garment weekly capacity
Apparel_Offshore,Dyeing_BD,2029-W39,50000,"Dyeing tier, effectively unconstrained"
Apparel_Offshore,Trim_VN,2029-W39,50000,"Trim tier, effectively unconstrained"
Apparel_Offshore,Fabric_CN,2029-W39,50000,"Fabric supply, effectively unconstrained"
Apparel_Offshore,FG_WH_BD,2029-W39,6000,FG warehouse throughput
Apparel_Offshore,DC_US_Offshore,2029-W39,5000,US DC throughput
Apparel_Offshore,DC_JP_Offshore,2029-W39,3000,JP DC throughput
Apparel_Vertical,Garment_PT,2029-W39,2000,Garment weekly capacity
Apparel_Vertical,Dyeing_PT,2029-W39,50000,"Dyeing tier, effectively unconstrained"
Apparel_Vertical,Trim_MA,2029-W39,50000,"Trim tier, effectively unconstrained"
Apparel_Vertical,Fabric_ES,2029-W39,50000,"Fabric supply, effectively unconstrained"
Apparel_Vertical,FG_WH_PT,2029-W39,4000,FG warehouse throughput
Apparel_Vertical,DC_US_Vertical,2029-W39,4000,US DC throughput
Apparel_Vertical,DC_JP_Vertical,2029-W39,2500,JP DC throughput
Apparel_Offshore,Garment_BD,2029-W40,3500,Garment weekly capacity
Apparel_Offshore,Dyeing_BD,2029-W40,50000,"Dyeing tier, effectively unconstrained"
Apparel_Offshore,Trim_VN,2029-W40,50000,"Trim tier, effectively unconstrained"
Apparel_Offshore,Fabric_CN,2029-W40,50000,"Fabric supply, effectively unconstrained"
Apparel_Offshore,FG_WH_BD,2029-W40,6000,FG warehouse throughput
Apparel_Offshore,DC_US_Offshore,2029-W40,5000,US DC throughput
Apparel_Offshore,DC_JP_Offshore,2029-W40,3000,JP DC throughput
Apparel_Vertical,Garment_PT,2029-W40,2000,Garment weekly capacity
Apparel_Vertical,Dyeing_PT,2029-W40,50000,"Dyeing tier, effectively unconstrained"
Apparel_Vertical,Trim_MA,2029-W40,50000,"Trim tier, effectively unconstrained"
Apparel_Vertical,Fabric_ES,2029-W40,50000,"Fabric supply, effectively unconstrained"
Apparel_Vertical,FG_WH_PT,2029-W40,4000,FG warehouse throughput
Apparel_Vertical,DC_US_Vertical,2029-W40,4000,US DC throughput
Apparel_Vertical,DC_JP_Vertical,2029-W40,2500,JP DC throughput
Apparel_Offshore,Garment_BD,2029-W41,3500,Garment weekly capacity
Apparel_Offshore,Dyeing_BD,2029-W41,50000,"Dyeing tier, effectively unconstrained"
Apparel_Offshore,Trim_VN,2029-W41,50000,"Trim tier, effectively unconstrained"
Apparel_Offshore,Fabric_CN,2029-W41,50000,"Fabric supply, effectively unconstrained"
Apparel_Offshore,FG_WH_BD,2029-W41,6000,FG warehouse throughput
Apparel_Offshore,DC_US_Offshore,2029-W41,5000,US DC throughput
Apparel_Offshore,DC_JP_Offshore,2029-W41,3000,JP DC throughput
Apparel_Vertical,Garment_PT,2029-W41,2000,Garment weekly capacity
Apparel_Vertical,Dyeing_PT,2029-W41,50000,"Dyeing tier, effectively unconstrained"
Apparel_Vertical,Trim_MA,2029-W41,50000,"Trim tier, effectively unconstrained"
Apparel_Vertical,Fabric_ES,2029-W41,50000,"Fabric supply, effectively unconstrained"
Apparel_Vertical,FG_WH_PT,2029-W41,4000,FG warehouse throughput
Apparel_Vertical,DC_US_Vertical,2029-W41,4000,US DC throughput
Apparel_Vertical,DC_JP_Vertical,2029-W41,2500,JP DC throughput
Apparel_Offshore,Garment_BD,2029-W42,3500,Garment weekly capacity
Apparel_Offshore,Dyeing_BD,2029-W42,50000,"Dyeing tier, effectively unconstrained"
Apparel_Offshore,Trim_VN,2029-W42,50000,"Trim tier, effectively unconstrained"
Apparel_Offshore,Fabric_CN,2029-W42,50000,"Fabric supply, effectively unconstrained"
Apparel_Offshore,FG_WH_BD,2029-W42,6000,FG warehouse throughput
Apparel_Offshore,DC_US_Offshore,2029-W42,5000,US DC throughput
Apparel_Offshore,DC_JP_Offshore,2029-W42,3000,JP DC throughput
Apparel_Vertical,Garment_PT,2029-W42,2000,Garment weekly capacity
Apparel_Vertical,Dyeing_PT,2029-W42,50000,"Dyeing tier, effectively unconstrained"
Apparel_Vertical,Trim_MA,2029-W42,50000,"Trim tier, effectively unconstrained"
Apparel_Vertical,Fabric_ES,2029-W42,50000,"Fabric supply, effectively unconstrained"
Apparel_Vertical,FG_WH_PT,2029-W42,4000,FG warehouse throughput
Apparel_Vertical,DC_US_Vertical,2029-W42,4000,US DC throughput
Apparel_Vertical,DC_JP_Vertical,2029-W42,2500,JP DC throughput
Apparel_Offshore,Garment_BD,2029-W43,3500,Garment weekly capacity
Apparel_Offshore,Dyeing_BD,2029-W43,50000,"Dyeing tier, effectively unconstrained"
Apparel_Offshore,Trim_VN,2029-W43,50000,"Trim tier, effectively unconstrained"
Apparel_Offshore,Fabric_CN,2029-W43,50000,"Fabric supply, effectively unconstrained"
Apparel_Offshore,FG_WH_BD,2029-W43,6000,FG warehouse throughput
Apparel_Offshore,DC_US_Offshore,2029-W43,5000,US DC throughput
Apparel_Offshore,DC_JP_Offshore,2029-W43,3000,JP DC throughput
Apparel_Vertical,Garment_PT,2029-W43,2000,Garment weekly capacity
Apparel_Vertical,Dyeing_PT,2029-W43,50000,"Dyeing tier, effectively unconstrained"
Apparel_Vertical,Trim_MA,2029-W43,50000,"Trim tier, effectively unconstrained"
Apparel_Vertical,Fabric_ES,2029-W43,50000,"Fabric supply, effectively unconstrained"
Apparel_Vertical,FG_WH_PT,2029-W43,4000,FG warehouse throughput
Apparel_Vertical,DC_US_Vertical,2029-W43,4000,US DC throughput
Apparel_Vertical,DC_JP_Vertical,2029-W43,2500,JP DC throughput
Apparel_Offshore,Garment_BD,2029-W44,3500,Garment weekly capacity
Apparel_Offshore,Dyeing_BD,2029-W44,50000,"Dyeing tier, effectively unconstrained"
Apparel_Offshore,Trim_VN,2029-W44,50000,"Trim tier, effectively unconstrained"
Apparel_Offshore,Fabric_CN,2029-W44,50000,"Fabric supply, effectively unconstrained"
Apparel_Offshore,FG_WH_BD,2029-W44,6000,FG warehouse throughput
Apparel_Offshore,DC_US_Offshore,2029-W44,5000,US DC throughput
Apparel_Offshore,DC_JP_Offshore,2029-W44,3000,JP DC throughput
Apparel_Vertical,Garment_PT,2029-W44,2000,Garment weekly capacity
Apparel_Vertical,Dyeing_PT,2029-W44,50000,"Dyeing tier, effectively unconstrained"
Apparel_Vertical,Trim_MA,2029-W44,50000,"Trim tier, effectively unconstrained"
Apparel_Vertical,Fabric_ES,2029-W44,50000,"Fabric supply, effectively unconstrained"
Apparel_Vertical,FG_WH_PT,2029-W44,4000,FG warehouse throughput
Apparel_Vertical,DC_US_Vertical,2029-W44,4000,US DC throughput
Apparel_Vertical,DC_JP_Vertical,2029-W44,2500,JP DC throughput
Apparel_Offshore,Garment_BD,2029-W45,3500,Garment weekly capacity
Apparel_Offshore,Dyeing_BD,2029-W45,50000,"Dyeing tier, effectively unconstrained"
Apparel_Offshore,Trim_VN,2029-W45,50000,"Trim tier, effectively unconstrained"
Apparel_Offshore,Fabric_CN,2029-W45,50000,"Fabric supply, effectively unconstrained"
Apparel_Offshore,FG_WH_BD,2029-W45,6000,FG warehouse throughput
Apparel_Offshore,DC_US_Offshore,2029-W45,5000,US DC throughput
Apparel_Offshore,DC_JP_Offshore,2029-W45,3000,JP DC throughput
Apparel_Vertical,Garment_PT,2029-W45,2000,Garment weekly capacity
Apparel_Vertical,Dyeing_PT,2029-W45,50000,"Dyeing tier, effectively unconstrained"
Apparel_Vertical,Trim_MA,2029-W45,50000,"Trim tier, effectively unconstrained"
Apparel_Vertical,Fabric_ES,2029-W45,50000,"Fabric supply, effectively unconstrained"
Apparel_Vertical,FG_WH_PT,2029-W45,4000,FG warehouse throughput
Apparel_Vertical,DC_US_Vertical,2029-W45,4000,US DC throughput
Apparel_Vertical,DC_JP_Vertical,2029-W45,2500,JP DC throughput
Apparel_Offshore,Garment_BD,2029-W46,3500,Garment weekly capacity
Apparel_Offshore,Dyeing_BD,2029-W46,50000,"Dyeing tier, effectively unconstrained"
Apparel_Offshore,Trim_VN,2029-W46,50000,"Trim tier, effectively unconstrained"
Apparel_Offshore,Fabric_CN,2029-W46,50000,"Fabric supply, effectively unconstrained"
Apparel_Offshore,FG_WH_BD,2029-W46,6000,FG warehouse throughput
Apparel_Offshore,DC_US_Offshore,2029-W46,5000,US DC throughput
Apparel_Offshore,DC_JP_Offshore,2029-W46,3000,JP DC throughput
Apparel_Vertical,Garment_PT,2029-W46,2000,Garment weekly capacity
Apparel_Vertical,Dyeing_PT,2029-W46,50000,"Dyeing tier, effectively unconstrained"
Apparel_Vertical,Trim_MA,2029-W46,50000,"Trim tier, effectively unconstrained"
Apparel_Vertical,Fabric_ES,2029-W46,50000,"Fabric supply, effectively unconstrained"
Apparel_Vertical,FG_WH_PT,2029-W46,4000,FG warehouse throughput
Apparel_Vertical,DC_US_Vertical,2029-W46,4000,US DC throughput
Apparel_Vertical,DC_JP_Vertical,2029-W46,2500,JP DC throughput
Apparel_Offshore,Garment_BD,2029-W47,3500,Garment weekly capacity
Apparel_Offshore,Dyeing_BD,2029-W47,50000,"Dyeing tier, effectively unconstrained"
Apparel_Offshore,Trim_VN,2029-W47,50000,"Trim tier, effectively unconstrained"
Apparel_Offshore,Fabric_CN,2029-W47,50000,"Fabric supply, effectively unconstrained"
Apparel_Offshore,FG_WH_BD,2029-W47,6000,FG warehouse throughput
Apparel_Offshore,DC_US_Offshore,2029-W47,5000,US DC throughput
Apparel_Offshore,DC_JP_Offshore,2029-W47,3000,JP DC throughput
Apparel_Vertical,Garment_PT,2029-W47,2000,Garment weekly capacity
Apparel_Vertical,Dyeing_PT,2029-W47,50000,"Dyeing tier, effectively unconstrained"
Apparel_Vertical,Trim_MA,2029-W47,50000,"Trim tier, effectively unconstrained"
Apparel_Vertical,Fabric_ES,2029-W47,50000,"Fabric supply, effectively unconstrained"
Apparel_Vertical,FG_WH_PT,2029-W47,4000,FG warehouse throughput
Apparel_Vertical,DC_US_Vertical,2029-W47,4000,US DC throughput
Apparel_Vertical,DC_JP_Vertical,2029-W47,2500,JP DC throughput
Apparel_Offshore,Garment_BD,2029-W48,3500,Garment weekly capacity
Apparel_Offshore,Dyeing_BD,2029-W48,50000,"Dyeing tier, effectively unconstrained"
Apparel_Offshore,Trim_VN,2029-W48,50000,"Trim tier, effectively unconstrained"
Apparel_Offshore,Fabric_CN,2029-W48,50000,"Fabric supply, effectively unconstrained"
Apparel_Offshore,FG_WH_BD,2029-W48,6000,FG warehouse throughput
Apparel_Offshore,DC_US_Offshore,2029-W48,5000,US DC throughput
Apparel_Offshore,DC_JP_Offshore,2029-W48,3000,JP DC throughput
Apparel_Vertical,Garment_PT,2029-W48,2000,Garment weekly capacity
Apparel_Vertical,Dyeing_PT,2029-W48,50000,"Dyeing tier, effectively unconstrained"
Apparel_Vertical,Trim_MA,2029-W48,50000,"Trim tier, effectively unconstrained"
Apparel_Vertical,Fabric_ES,2029-W48,50000,"Fabric supply, effectively unconstrained"
Apparel_Vertical,FG_WH_PT,2029-W48,4000,FG warehouse throughput
Apparel_Vertical,DC_US_Vertical,2029-W48,4000,US DC throughput
Apparel_Vertical,DC_JP_Vertical,2029-W48,2500,JP DC throughput
Apparel_Offshore,Garment_BD,2029-W49,3500,Garment weekly capacity
Apparel_Offshore,Dyeing_BD,2029-W49,50000,"Dyeing tier, effectively unconstrained"
Apparel_Offshore,Trim_VN,2029-W49,50000,"Trim tier, effectively unconstrained"
Apparel_Offshore,Fabric_CN,2029-W49,50000,"Fabric supply, effectively unconstrained"
Apparel_Offshore,FG_WH_BD,2029-W49,6000,FG warehouse throughput
Apparel_Offshore,DC_US_Offshore,2029-W49,5000,US DC throughput
Apparel_Offshore,DC_JP_Offshore,2029-W49,3000,JP DC throughput
Apparel_Vertical,Garment_PT,2029-W49,2000,Garment weekly capacity
Apparel_Vertical,Dyeing_PT,2029-W49,50000,"Dyeing tier, effectively unconstrained"
Apparel_Vertical,Trim_MA,2029-W49,50000,"Trim tier, effectively unconstrained"
Apparel_Vertical,Fabric_ES,2029-W49,50000,"Fabric supply, effectively unconstrained"
Apparel_Vertical,FG_WH_PT,2029-W49,4000,FG warehouse throughput
Apparel_Vertical,DC_US_Vertical,2029-W49,4000,US DC throughput
Apparel_Vertical,DC_JP_Vertical,2029-W49,2500,JP DC throughput
Apparel_Offshore,Garment_BD,2029-W50,3500,Garment weekly capacity
Apparel_Offshore,Dyeing_BD,2029-W50,50000,"Dyeing tier, effectively unconstrained"
Apparel_Offshore,Trim_VN,2029-W50,50000,"Trim tier, effectively unconstrained"
Apparel_Offshore,Fabric_CN,2029-W50,50000,"Fabric supply, effectively unconstrained"
Apparel_Offshore,FG_WH_BD,2029-W50,6000,FG warehouse throughput
Apparel_Offshore,DC_US_Offshore,2029-W50,5000,US DC throughput
Apparel_Offshore,DC_JP_Offshore,2029-W50,3000,JP DC throughput
Apparel_Vertical,Garment_PT,2029-W50,2000,Garment weekly capacity
Apparel_Vertical,Dyeing_PT,2029-W50,50000,"Dyeing tier, effectively unconstrained"
Apparel_Vertical,Trim_MA,2029-W50,50000,"Trim tier, effectively unconstrained"
Apparel_Vertical,Fabric_ES,2029-W50,50000,"Fabric supply, effectively unconstrained"
Apparel_Vertical,FG_WH_PT,2029-W50,4000,FG warehouse throughput
Apparel_Vertical,DC_US_Vertical,2029-W50,4000,US DC throughput
Apparel_Vertical,DC_JP_Vertical,2029-W50,2500,JP DC throughput
Apparel_Offshore,Garment_BD,2029-W51,3500,Garment weekly capacity
Apparel_Offshore,Dyeing_BD,2029-W51,50000,"Dyeing tier, effectively unconstrained"
Apparel_Offshore,Trim_VN,2029-W51,50000,"Trim tier, effectively unconstrained"
Apparel_Offshore,Fabric_CN,2029-W51,50000,"Fabric supply, effectively unconstrained"
Apparel_Offshore,FG_WH_BD,2029-W51,6000,FG warehouse throughput
Apparel_Offshore,DC_US_Offshore,2029-W51,5000,US DC throughput
Apparel_Offshore,DC_JP_Offshore,2029-W51,3000,JP DC throughput
Apparel_Vertical,Garment_PT,2029-W51,2000,Garment weekly capacity
Apparel_Vertical,Dyeing_PT,2029-W51,50000,"Dyeing tier, effectively unconstrained"
Apparel_Vertical,Trim_MA,2029-W51,50000,"Trim tier, effectively unconstrained"
Apparel_Vertical,Fabric_ES,2029-W51,50000,"Fabric supply, effectively unconstrained"
Apparel_Vertical,FG_WH_PT,2029-W51,4000,FG warehouse throughput
Apparel_Vertical,DC_US_Vertical,2029-W51,4000,US DC throughput
Apparel_Vertical,DC_JP_Vertical,2029-W51,2500,JP DC throughput
Apparel_Offshore,Garment_BD,2029-W52,3500,Garment weekly capacity
Apparel_Offshore,Dyeing_BD,2029-W52,50000,"Dyeing tier, effectively unconstrained"
Apparel_Offshore,Trim_VN,2029-W52,50000,"Trim tier, effectively unconstrained"
Apparel_Offshore,Fabric_CN,2029-W52,50000,"Fabric supply, effectively unconstrained"
Apparel_Offshore,FG_WH_BD,2029-W52,6000,FG warehouse throughput
Apparel_Offshore,DC_US_Offshore,2029-W52,5000,US DC throughput
Apparel_Offshore,DC_JP_Offshore,2029-W52,3000,JP DC throughput
Apparel_Vertical,Garment_PT,2029-W52,2000,Garment weekly capacity
Apparel_Vertical,Dyeing_PT,2029-W52,50000,"Dyeing tier, effectively unconstrained"
Apparel_Vertical,Trim_MA,2029-W52,50000,"Trim tier, effectively unconstrained"
Apparel_Vertical,Fabric_ES,2029-W52,50000,"Fabric supply, effectively unconstrained"
Apparel_Vertical,FG_WH_PT,2029-W52,4000,FG warehouse throughput
Apparel_Vertical,DC_US_Vertical,2029-W52,4000,US DC throughput
Apparel_Vertical,DC_JP_Vertical,2029-W52,2500,JP DC throughput
