amount,step
29639735.40000001,allocation:allocated_pool
1975982.3600000008,node:depreciation
5927947.079999996,node:inventory
15807858.880000006,node:production
12843885.34000002,node:sga
