market,total_cost
MKT_CN_PREMIUM,7491964.634000001
MKT_DE_PREMIUM,2813834.628
MKT_IN_ASPIRER,4061629.153999999
MKT_JP_REPLACEMENT,2720280.0239999997
MKT_UK_MAINSTREAM,2940173.324
MKT_US_MAINSTREAM,9411033.434
MKT_US_PREMIUM,7511954.934000002
