market,total_cost
MKT_CN_PREMIUM,7411836.670000002
MKT_DE_PREMIUM,2783740.1399999997
MKT_IN_ASPIRER,4018189.27
MKT_JP_REPLACEMENT,2691186.1199999996
MKT_UK_MAINSTREAM,2908727.62
MKT_US_MAINSTREAM,9310380.67
MKT_US_PREMIUM,7431613.170000002
